cod_provincia,provincia,anio,tasa_actividad,tasa_paro,tasa_empleo,trimestres_disponibles
01,Araba/Álava,2002,59.5225,9.025,54.1475,4
01,Araba/Álava,2003,60.74,9.344999999999999,55.06,4
01,Araba/Álava,2004,62.295,9.3825,56.4525,4
01,Araba/Álava,2005,59.655,7.1575,55.3875,4
01,Araba/Álava,2006,60.7925,7.29,56.355000000000004,4
01,Araba/Álava,2007,59.739999999999995,5.4399999999999995,56.4925,4
01,Araba/Álava,2008,61.625,4.985,58.5425,4
01,Araba/Álava,2009,61.332499999999996,11.7425,54.129999999999995,4
01,Araba/Álava,2010,61.2475,11.34,54.3,4
01,Araba/Álava,2011,61.755,10.75,55.1125,4
01,Araba/Álava,2012,61.0575,16.572499999999998,50.93,4
01,Araba/Álava,2013,61.5775,17.5125,50.79,4
01,Araba/Álava,2014,60.865,17.197499999999998,50.39,4
01,Araba/Álava,2015,59.6075,15.0125,50.6325,4
01,Araba/Álava,2016,58.4325,11.9875,51.43,4
01,Araba/Álava,2017,57.1575,11.2675,50.72,4
01,Araba/Álava,2018,57.790000000000006,9.112499999999999,52.525,4
01,Araba/Álava,2019,57.8375,8.28,53.055,4
01,Araba/Álava,2020,54.81,7.8575,50.5025,4
01,Araba/Álava,2021,57.2575,11.365,50.754999999999995,4
01,Araba/Álava,2022,57.462500000000006,9.19,52.1925,4
01,Araba/Álava,2023,57.7675,7.2025,53.605000000000004,4
01,Araba/Álava,2024,56.6025,8.5675,51.755,4
01,Araba/Álava,2025,56.6925,7.1975,52.6075,4
01,Araba/Álava,2026,57.21,8.88,52.14,1
02,Albacete,2002,50.935,6.935,47.394999999999996,4
02,Albacete,2003,51.7825,7.7,47.795,4
02,Albacete,2004,53.807500000000005,9.005,48.955,4
02,Albacete,2005,55.6525,9.84,50.17,4
02,Albacete,2006,55.4475,10.015,49.8875,4
02,Albacete,2007,58.605,9.1625,53.2325,4
02,Albacete,2008,58.825,12.1975,51.6475,4
02,Albacete,2009,58.7025,19.77,47.1075,4
02,Albacete,2010,58.7425,22.665,45.435,4
02,Albacete,2011,59.36,24.715,44.685,4
02,Albacete,2012,57.195,31.9175,38.95,4
02,Albacete,2013,58.302499999999995,30.9875,40.2375,4
02,Albacete,2014,57.155,27.517500000000002,41.4275,4
02,Albacete,2015,57.7975,24.6825,43.54,4
02,Albacete,2016,55.795,23.8275,42.4975,4
02,Albacete,2017,58.4825,23.155,44.9425,4
02,Albacete,2018,59.4775,19.7325,47.74,4
02,Albacete,2019,56.230000000000004,17.185000000000002,46.5625,4
02,Albacete,2020,56.3775,18.2625,46.08,4
02,Albacete,2021,57.052499999999995,15.5275,48.165,4
02,Albacete,2022,57.6025,12.8475,50.2,4
02,Albacete,2023,58.505,11.9575,51.4975,4
02,Albacete,2024,56.565,11.315,50.17,4
02,Albacete,2025,59.79,11.3125,53.03,4
02,Albacete,2026,61.06,11.35,54.13,1
03,Alicante/Alacant,2002,55.067499999999995,10.685,49.1825,4
03,Alicante/Alacant,2003,56.0975,12.3375,49.182500000000005,4
03,Alicante/Alacant,2004,58.0025,10.615,51.8425,4
03,Alicante/Alacant,2005,57.4725,9.625,51.94,4
03,Alicante/Alacant,2006,58.027499999999996,9.6225,52.445,4
03,Alicante/Alacant,2007,57.7225,10.502500000000001,51.665,4
03,Alicante/Alacant,2008,59.055,13.4875,51.0775,4
03,Alicante/Alacant,2009,60.0225,21.9625,46.845,4
03,Alicante/Alacant,2010,58.4825,24.16,44.3525,4
03,Alicante/Alacant,2011,57.6975,23.9075,43.8975,4
03,Alicante/Alacant,2012,58.072500000000005,28.025,41.795,4
03,Alicante/Alacant,2013,58.230000000000004,28.255,41.775,4
03,Alicante/Alacant,2014,57.41,26.03,42.464999999999996,4
03,Alicante/Alacant,2015,58.1275,24.22,44.055,4
03,Alicante/Alacant,2016,59.197500000000005,20.795,46.89,4
03,Alicante/Alacant,2017,58.605000000000004,18.1075,47.9925,4
03,Alicante/Alacant,2018,57.4625,16.1675,48.1725,4
03,Alicante/Alacant,2019,58.135,14.85,49.505,4
03,Alicante/Alacant,2020,56.255,18.0275,46.11,4
03,Alicante/Alacant,2021,56.585,18.705,46,4
03,Alicante/Alacant,2022,58.205,14.645,49.675000000000004,4
03,Alicante/Alacant,2023,58.3175,13.3925,50.515,4
03,Alicante/Alacant,2024,56.985,13.64,49.2175,4
03,Alicante/Alacant,2025,57.57,12.5075,50.3775,4
03,Alicante/Alacant,2026,57.82,12.87,50.38,1
04,Almería,2002,57.5775,10.7825,51.375,4
04,Almería,2003,59.8325,11.295,53.0525,4
04,Almería,2004,61.53,9.7925,55.475,4
04,Almería,2005,63.325,9.2,57.5075,4
04,Almería,2006,64.57,9.265,58.59,4
04,Almería,2007,61.4925,11.445,54.455,4
04,Almería,2008,61.735,19.3925,49.735,4
04,Almería,2009,64.28,26.572499999999998,47.1975,4
04,Almería,2010,64.33749999999999,28.0125,46.315,4
04,Almería,2011,64.505,33.505,42.8975,4
04,Almería,2012,64.2025,35.315,41.527499999999996,4
04,Almería,2013,63.9875,36.055,40.93,4
04,Almería,2014,63.5875,35.597500000000004,40.965,4
04,Almería,2015,60.52,28.99,42.9525,4
04,Almería,2016,60.0575,23.5825,45.8925,4
04,Almería,2017,61.3975,24.37,46.4325,4
04,Almería,2018,59.53,22.5775,46.0875,4
04,Almería,2019,59.1025,17.615000000000002,48.695,4
04,Almería,2020,58.76,21.905,45.8675,4
04,Almería,2021,61.765,19.255000000000003,49.89,4
04,Almería,2022,61.8825,17.15,51.2825,4
04,Almería,2023,61.69,15.9725,51.83,4
04,Almería,2024,60.265,15.285,51.0525,4
04,Almería,2025,59.66,13.8625,51.3925,4
04,Almería,2026,60.66,16.55,50.62,1
05,Ávila,2002,45.35,8.9775,41.2725,4
05,Ávila,2003,45.125,8.9425,41.09,4
05,Ávila,2004,46.870000000000005,9.5075,42.42,4
05,Ávila,2005,48.2125,8.59,44.0675,4
05,Ávila,2006,49.3825,6.842499999999999,46.015,4
05,Ávila,2007,51.7375,6.9399999999999995,48.1525,4
05,Ávila,2008,52.957499999999996,11.275,46.99,4
05,Ávila,2009,52.4675,19.02,42.4975,4
05,Ávila,2010,51.815,23.3175,39.739999999999995,4
05,Ávila,2011,53.2,23.810000000000002,40.555,4
05,Ávila,2012,54.8875,24.58,41.3925,4
05,Ávila,2013,54.95,25.525,40.932500000000005,4
05,Ávila,2014,53.769999999999996,26.0425,39.754999999999995,4
05,Ávila,2015,53.614999999999995,22.985,41.3,4
05,Ávila,2016,55.91,21.2325,44.05,4
05,Ávila,2017,55.585,17.965,45.5925,4
05,Ávila,2018,53.260000000000005,16.4225,44.51,4
05,Ávila,2019,52.775,14.7025,45.04,4
05,Ávila,2020,54.36,14.43,46.4975,4
05,Ávila,2021,52.325,15.49,44.2,4
05,Ávila,2022,52.965,13.935,45.6025,4
05,Ávila,2023,52.655,11.635,46.519999999999996,4
05,Ávila,2024,52.6975,11.1425,46.8375,4
05,Ávila,2025,50.795,8.879999999999999,46.2825,4
05,Ávila,2026,49.68,8.58,45.42,1
06,Badajoz,2002,49.955,19.555,40.185,4
06,Badajoz,2003,50.224999999999994,16.36,42.0125,4
06,Badajoz,2004,51.085,18.09,41.83,4
06,Badajoz,2005,52.035,17.43,42.9625,4
06,Badajoz,2006,51.8875,14.625,44.29,4
06,Badajoz,2007,53.61,14.0375,46.082499999999996,4
06,Badajoz,2008,54.665,15.8275,46,4
06,Badajoz,2009,55.614999999999995,21.330000000000002,43.7525,4
06,Badajoz,2010,56.2625,23.955000000000002,42.785,4
06,Badajoz,2011,55.8375,27.085,40.7175,4
06,Badajoz,2012,56.495000000000005,33.8025,37.3975,4
06,Badajoz,2013,56.6325,34.394999999999996,37.1425,4
06,Badajoz,2014,55.18,31.27,37.9275,4
06,Badajoz,2015,55.542500000000004,30.252499999999998,38.7425,4
06,Badajoz,2016,56.35,29.740000000000002,39.5925,4
06,Badajoz,2017,55.845,28.1525,40.1175,4
06,Badajoz,2018,55.995000000000005,25.450000000000003,41.7425,4
06,Badajoz,2019,56.3275,22.44,43.685,4
06,Badajoz,2020,54.585,22.59,42.245000000000005,4
06,Badajoz,2021,55.745,20.5275,44.32,4
06,Badajoz,2022,56.1875,17.6225,46.292500000000004,4
06,Badajoz,2023,57.480000000000004,18.675,46.739999999999995,4
06,Badajoz,2024,56.2175,15.395,47.565,4
06,Badajoz,2025,55.805,14.38,47.792500000000004,4
06,Badajoz,2026,55.4,13.37,48,1
07,"Balears, Illes",2002,61.07,7.615,56.44,4
07,"Balears, Illes",2003,62.754999999999995,9.775,56.65,4
07,"Balears, Illes",2004,63.207499999999996,9.1675,57.442499999999995,4
07,"Balears, Illes",2005,63.1275,7.2924999999999995,58.567499999999995,4
07,"Balears, Illes",2006,64.4425,6.5,60.2825,4
07,"Balears, Illes",2007,64.39,7.217499999999999,59.7775,4
07,"Balears, Illes",2008,64.9875,10.1875,58.3875,4
07,"Balears, Illes",2009,65.8625,17.97,54.06,4
07,"Balears, Illes",2010,66.325,20.18,52.975,4
07,"Balears, Illes",2011,65.4725,21.947499999999998,51.1575,4
07,"Balears, Illes",2012,67.0025,23.2575,51.474999999999994,4
07,"Balears, Illes",2013,66.225,22.335,51.4775,4
07,"Balears, Illes",2014,64.8875,20.14,51.9025,4
07,"Balears, Illes",2015,65.7725,17.41,54.385,4
07,"Balears, Illes",2016,65.2175,13.9575,56.1525,4
07,"Balears, Illes",2017,64.1,12.5275,56.1225,4
07,"Balears, Illes",2018,64.415,11.6775,56.9825,4
07,"Balears, Illes",2019,64.41,11.82,56.835,4
07,"Balears, Illes",2020,61.61,16.1875,51.665,4
07,"Balears, Illes",2021,63.215,14.434999999999999,54.16,4
07,"Balears, Illes",2022,64.005,10.735,57.1925,4
07,"Balears, Illes",2023,63.6175,10.48,57.040000000000006,4
07,"Balears, Illes",2024,63.942499999999995,9.45,57.9625,4
07,"Balears, Illes",2025,64.04,8.94,58.3775,4
07,"Balears, Illes",2026,61.86,13.79,53.32,1
08,Barcelona,2002,59.15,10.782499999999999,52.77,4
08,Barcelona,2003,61.085,10.8625,54.4525,4
08,Barcelona,2004,61.5375,10.355,55.160000000000004,4
08,Barcelona,2005,61.9925,6.890000000000001,57.725,4
08,Barcelona,2006,62.935,6.547499999999999,58.817499999999995,4
08,Barcelona,2007,63.485,6.5225,59.345,4
08,Barcelona,2008,64.0975,8.6175,58.58,4
08,Barcelona,2009,63.6125,16.2025,53.305,4
08,Barcelona,2010,64.0375,17.7275,52.6825,4
08,Barcelona,2011,64.255,19.1,51.9825,4
08,Barcelona,2012,63.5525,22.515,49.245,4
08,Barcelona,2013,63,23.1175,48.4375,4
08,Barcelona,2014,62.4875,19.975,50.005,4
08,Barcelona,2015,62.0575,18.235,50.74,4
08,Barcelona,2016,62.370000000000005,15.4975,52.7025,4
08,Barcelona,2017,62.0475,13.1025,53.917500000000004,4
08,Barcelona,2018,61.385,11.0875,54.5775,4
08,Barcelona,2019,61.68,10.9,54.957499999999996,4
08,Barcelona,2020,60.4475,12.5225,52.8825,4
08,Barcelona,2021,61.37,11.3275,54.4225,4
08,Barcelona,2022,61.3875,9.925,55.295,4
08,Barcelona,2023,62.1325,9.120000000000001,56.4725,4
08,Barcelona,2024,62.0875,8.4525,56.835,4
08,Barcelona,2025,62.265,8.195,57.1625,4
08,Barcelona,2026,62.12,9.66,56.12,1
09,Burgos,2002,53.4975,7.6825,49.379999999999995,4
09,Burgos,2003,55.2725,8.71,50.46,4
09,Burgos,2004,54.07,8.4875,49.47,4
09,Burgos,2005,55.629999999999995,6.805,51.8575,4
09,Burgos,2006,56.8325,7.0649999999999995,52.83,4
09,Burgos,2007,58.019999999999996,6.5225,54.225,4
09,Burgos,2008,60.5975,9.16,55.042500000000004,4
09,Burgos,2009,58.63,12.6675,51.21,4
09,Burgos,2010,58.707499999999996,15.3725,49.6825,4
09,Burgos,2011,57.9625,14.975000000000001,49.285,4
09,Burgos,2012,58.845,17.310000000000002,48.66,4
09,Burgos,2013,58.412499999999994,20.4125,46.487500000000004,4
09,Burgos,2014,59.59,18.225,48.730000000000004,4
09,Burgos,2015,58.057500000000005,17.884999999999998,47.6725,4
09,Burgos,2016,60.0925,11.7325,53.04,4
09,Burgos,2017,57.2475,10.5525,51.207499999999996,4
09,Burgos,2018,58.1775,10.39,52.1375,4
09,Burgos,2019,57.06,9.96,51.375,4
09,Burgos,2020,56.6775,11.1275,50.385,4
09,Burgos,2021,57.245,9.63,51.7375,4
09,Burgos,2022,58.36,8.555,53.3725,4
09,Burgos,2023,56.807500000000005,7.717499999999999,52.4225,4
09,Burgos,2024,56.635,6.9275,52.7125,4
09,Burgos,2025,56.4,7.6025,52.11,4
09,Burgos,2026,55.49,8.09,51.01,1
10,Cáceres,2002,49.2275,18.2075,40.2625,4
10,Cáceres,2003,50.08,18.7675,40.685,4
10,Cáceres,2004,50.19,15.845,42.239999999999995,4
10,Cáceres,2005,50.98,12.95,44.3775,4
10,Cáceres,2006,51.15,11.1525,45.4475,4
10,Cáceres,2007,51.74,11.165,45.9525,4
10,Cáceres,2008,51.34,14.502500000000001,43.9025,4
10,Cáceres,2009,50.542500000000004,19.357499999999998,40.7575,4
10,Cáceres,2010,51.455,21.18,40.557500000000005,4
10,Cáceres,2011,51.6075,21.4975,40.5,4
10,Cáceres,2012,52.97,31.7875,36.129999999999995,4
10,Cáceres,2013,54.9225,32.955,36.83,4
10,Cáceres,2014,54.975,27.315,39.9675,4
10,Cáceres,2015,54.64,27.115000000000002,39.815,4
10,Cáceres,2016,53.07,23.545,40.57,4
10,Cáceres,2017,52.985,22.79,40.91,4
10,Cáceres,2018,54.155,20.4825,43.065,4
10,Cáceres,2019,54.485,19.945,43.62,4
10,Cáceres,2020,54.085,20.4075,43.05,4
10,Cáceres,2021,52.97,19.61,42.6075,4
10,Cáceres,2022,52.6025,16.7775,43.7725,4
10,Cáceres,2023,52.7525,14.94,44.8525,4
10,Cáceres,2024,52.2625,15.7125,44.0525,4
10,Cáceres,2025,54.22,15.4375,45.84,4
10,Cáceres,2026,52.95,13.03,46.05,1
11,Cádiz,2002,53.4525,27.075,38.985,4
11,Cádiz,2003,52.135,23.2525,40.0075,4
11,Cádiz,2004,53.175,22.7775,41.065,4
11,Cádiz,2005,54.4825,17.64,44.875,4
11,Cádiz,2006,54.41,15.3475,46.0475,4
11,Cádiz,2007,55.4325,15.02,47.105000000000004,4
11,Cádiz,2008,56.365,19.235,45.525,4
11,Cádiz,2009,56.64,26.79,41.4675,4
11,Cádiz,2010,57.3425,30.57,39.815,4
11,Cádiz,2011,57.4625,32.525,38.7775,4
11,Cádiz,2012,57.8775,36.3775,36.822500000000005,4
11,Cádiz,2013,57.2025,39.615,34.552499999999995,4
11,Cádiz,2014,57.9425,42.3075,33.4275,4
11,Cádiz,2015,57.575,38.32,35.5125,4
11,Cádiz,2016,56.945,34.3925,37.365,4
11,Cádiz,2017,55.915000000000006,30.28,38.98,4
11,Cádiz,2018,54.75,27.545,39.675000000000004,4
11,Cádiz,2019,54.7575,24.9025,41.13,4
11,Cádiz,2020,53.4375,22.9325,41.165,4
11,Cádiz,2021,55.120000000000005,25.7925,40.9225,4
11,Cádiz,2022,53.945,23.4675,41.3025,4
11,Cádiz,2023,54.975,22.255,42.74,4
11,Cádiz,2024,54.7625,20.9725,43.292500000000004,4
11,Cádiz,2025,53.6625,18.725,43.6275,4
11,Cádiz,2026,54.33,21,42.92,1
12,Castellón/Castelló,2002,56.682500000000005,5.324999999999999,53.665,4
12,Castellón/Castelló,2003,57.8975,6.7625,53.9775,4
12,Castellón/Castelló,2004,58.035,8.52,53.1,4
12,Castellón/Castelló,2005,61.195,7.4775,56.6325,4
12,Castellón/Castelló,2006,60.9025,6.2575,57.09,4
12,Castellón/Castelló,2007,61.1975,6.8025,57.035000000000004,4
12,Castellón/Castelló,2008,62.712500000000006,10.684999999999999,56.0125,4
12,Castellón/Castelló,2009,62.4225,19.634999999999998,50.1625,4
12,Castellón/Castelló,2010,61.605000000000004,23.9025,46.879999999999995,4
12,Castellón/Castelló,2011,60.545,25.965,44.825,4
12,Castellón/Castelló,2012,60.0125,27.189999999999998,43.695,4
12,Castellón/Castelló,2013,60.2675,29.125,42.7175,4
12,Castellón/Castelló,2014,60.2275,27.0825,43.92,4
12,Castellón/Castelló,2015,59.1975,22.5025,45.8575,4
12,Castellón/Castelló,2016,56.8625,19.4975,45.7775,4
12,Castellón/Castelló,2017,56.769999999999996,16.7225,47.29,4
12,Castellón/Castelló,2018,57.93,15.525,48.935,4
12,Castellón/Castelló,2019,58.0775,13.7525,50.095,4
12,Castellón/Castelló,2020,57.9675,14.285,49.69,4
12,Castellón/Castelló,2021,57.129999999999995,13.8225,49.2275,4
12,Castellón/Castelló,2022,56.91,12.1875,49.9825,4
12,Castellón/Castelló,2023,56.0175,14.7575,47.7525,4
12,Castellón/Castelló,2024,58.945,13.6525,50.905,4
12,Castellón/Castelló,2025,60.455,11.1175,53.7275,4
12,Castellón/Castelló,2026,59.05,12.19,51.85,1
13,Ciudad Real,2002,48.042500000000004,9.395,43.535,4
13,Ciudad Real,2003,49.8275,11.0525,44.32,4
13,Ciudad Real,2004,49.4775,9.6625,44.6775,4
13,Ciudad Real,2005,52.205,10.65,46.650000000000006,4
13,Ciudad Real,2006,53.09,10.9275,47.292500000000004,4
13,Ciudad Real,2007,53.3725,9.27,48.425,4
13,Ciudad Real,2008,54.7,13.505,47.3025,4
13,Ciudad Real,2009,55.769999999999996,19.8,44.72,4
13,Ciudad Real,2010,56.4025,22.2275,43.855000000000004,4
13,Ciudad Real,2011,55.832499999999996,23.84,42.5175,4
13,Ciudad Real,2012,55.75,31.0675,38.4275,4
13,Ciudad Real,2013,55.6975,30.54,38.69,4
13,Ciudad Real,2014,56.7875,33.0325,38.03,4
13,Ciudad Real,2015,55.1975,31.29,37.9275,4
13,Ciudad Real,2016,55.7625,26.2325,41.14,4
13,Ciudad Real,2017,55.949999999999996,24.4125,42.287499999999994,4
13,Ciudad Real,2018,55.105,20.1125,44.0125,4
13,Ciudad Real,2019,55.9425,18.259999999999998,45.7275,4
13,Ciudad Real,2020,54.06,17.8975,44.3725,4
13,Ciudad Real,2021,55.3175,17.732499999999998,45.5175,4
13,Ciudad Real,2022,55.455,19.355,44.715,4
13,Ciudad Real,2023,54.9075,16.475,45.8625,4
13,Ciudad Real,2024,55.325,16.9225,45.965,4
13,Ciudad Real,2025,55.66,15.235,47.175000000000004,4
13,Ciudad Real,2026,54.39,14,46.78,1
14,Córdoba,2002,49.2125,21.247500000000002,38.7525,4
14,Córdoba,2003,51.245000000000005,21.085,40.415,4
14,Córdoba,2004,54.0925,20.835,42.8125,4
14,Córdoba,2005,51.6225,14.845,43.96,4
14,Córdoba,2006,53.78,14.485,45.989999999999995,4
14,Córdoba,2007,54.69,13.78,47.15,4
14,Córdoba,2008,56.269999999999996,16.322499999999998,47.08,4
14,Córdoba,2009,58.12,26.0025,43.0075,4
14,Córdoba,2010,58.2825,28.06,41.94,4
14,Córdoba,2011,58.5475,31.6225,40.037499999999994,4
14,Córdoba,2012,57.725,34.6475,37.7325,4
14,Córdoba,2013,57.730000000000004,35.162499999999994,37.435,4
14,Córdoba,2014,56.78,33.64,37.685,4
14,Córdoba,2015,56.84,29.987499999999997,39.7975,4
14,Córdoba,2016,58.2325,30.245,40.615,4
14,Córdoba,2017,57.625,28.17,41.3875,4
14,Córdoba,2018,56.545,24.737499999999997,42.55,4
14,Córdoba,2019,56.805,23.060000000000002,43.695,4
14,Córdoba,2020,56.082499999999996,24.255,42.480000000000004,4
14,Córdoba,2021,57.3125,21.052500000000002,45.235,4
14,Córdoba,2022,55.1175,19.4175,44.415,4
14,Córdoba,2023,55.582499999999996,18.4075,45.345,4
14,Córdoba,2024,57.5375,16.6175,47.97,4
14,Córdoba,2025,57.332499999999996,17.3,47.417500000000004,4
14,Córdoba,2026,56.8,16.69,47.32,1
15,"Coruña, A",2002,50.7575,12.8525,44.2375,4
15,"Coruña, A",2003,53.205,13.754999999999999,45.8775,4
15,"Coruña, A",2004,53.629999999999995,14.5075,45.8525,4
15,"Coruña, A",2005,53.85,9.6325,48.67,4
15,"Coruña, A",2006,53.7475,8.1225,49.385,4
15,"Coruña, A",2007,54.3175,8.2225,49.86,4
15,"Coruña, A",2008,55.295,8.9175,50.3675,4
15,"Coruña, A",2009,56.2975,11.47,49.84,4
15,"Coruña, A",2010,55.0575,13.98,47.3625,4
15,"Coruña, A",2011,55.724999999999994,15.8275,46.9075,4
15,"Coruña, A",2012,56.269999999999996,18.38,45.925,4
15,"Coruña, A",2013,55.29,20.18,44.1325,4
15,"Coruña, A",2014,55.09,19.955,44.095,4
15,"Coruña, A",2015,54.7275,17.4075,45.1975,4
15,"Coruña, A",2016,54.82,15.4125,46.3725,4
15,"Coruña, A",2017,54.792500000000004,14.1625,47.0325,4
15,"Coruña, A",2018,54.785,12.23,48.0875,4
15,"Coruña, A",2019,54.8125,10.2025,49.2225,4
15,"Coruña, A",2020,52.957499999999996,11.2325,47.004999999999995,4
15,"Coruña, A",2021,52.7025,10.6,47.1225,4
15,"Coruña, A",2022,53.417500000000004,10.1,48.019999999999996,4
15,"Coruña, A",2023,53.3475,9.1025,48.49,4
15,"Coruña, A",2024,53.1175,7.98,48.8775,4
15,"Coruña, A",2025,53.7475,7.2125,49.875,4
15,"Coruña, A",2026,53.75,7.64,49.64,1
16,Cuenca,2002,45.46,9.3675,41.192499999999995,4
16,Cuenca,2003,46.335,9.1975,42.07,4
16,Cuenca,2004,46.7825,8.715,42.7025,4
16,Cuenca,2005,48.1375,6.425,45.045,4
16,Cuenca,2006,50.0875,6.9475,46.61,4
16,Cuenca,2007,50.849999999999994,5.7575,47.925,4
16,Cuenca,2008,51.825,7.9675,47.6925,4
16,Cuenca,2009,52.5875,15.9825,44.185,4
16,Cuenca,2010,53.23,19.3525,42.92,4
16,Cuenca,2011,51.8525,19.5325,41.722500000000004,4
16,Cuenca,2012,53.19,23.377499999999998,40.7625,4
16,Cuenca,2013,54.6625,28.87,38.875,4
16,Cuenca,2014,54.3,28.002499999999998,39.09,4
16,Cuenca,2015,53.37,22.615000000000002,41.3025,4
16,Cuenca,2016,56.36,18.015,46.2075,4
16,Cuenca,2017,55.4125,15.9025,46.5875,4
16,Cuenca,2018,55.1875,15.4,46.699999999999996,4
16,Cuenca,2019,56.245000000000005,13.065,48.894999999999996,4
16,Cuenca,2020,54.3525,15.6525,45.8475,4
16,Cuenca,2021,54.6225,12.1075,48.0275,4
16,Cuenca,2022,55.2175,9.6075,49.91,4
16,Cuenca,2023,55.5475,11.4075,49.22,4
16,Cuenca,2024,57.2575,10.495,51.215,4
16,Cuenca,2025,55.8025,10.4175,49.9575,4
16,Cuenca,2026,54.56,12.57,47.7,1
17,Girona,2002,61.05,8.675,55.7675,4
17,Girona,2003,63.2,10.39,56.635,4
17,Girona,2004,65.5275,8.6875,59.8575,4
17,Girona,2005,65.3375,7.3225,60.555,4
17,Girona,2006,65.4625,6.3774999999999995,61.295,4
17,Girona,2007,65.155,7.9625,59.97,4
17,Girona,2008,65.64,10.96,58.445,4
17,Girona,2009,65.0825,18.005,53.3675,4
17,Girona,2010,65.6025,17.857499999999998,53.8975,4
17,Girona,2011,65.3975,21.7025,51.215,4
17,Girona,2012,64.9725,24.2075,49.2425,4
17,Girona,2013,64.7975,22.985,49.9225,4
17,Girona,2014,64.8075,22.53,50.2175,4
17,Girona,2015,63.4325,19.7225,50.917500000000004,4
17,Girona,2016,62.4525,16.14,52.375,4
17,Girona,2017,62.475,13.9625,53.7675,4
17,Girona,2018,62.38,11.3975,55.29,4
17,Girona,2019,62.9775,10.3325,56.4775,4
17,Girona,2020,61.1675,12.6025,53.47,4
17,Girona,2021,62.41,12.975,54.3225,4
17,Girona,2022,62.6025,8.9575,56.9975,4
17,Girona,2023,61.025,9.9575,54.9475,4
17,Girona,2024,61.1825,9.467500000000001,55.3875,4
17,Girona,2025,61.3875,8.3725,56.255,4
17,Girona,2026,61.11,12.5,53.47,1
18,Granada,2002,49.9525,19.675,40.125,4
18,Granada,2003,51.6525,17.8375,42.435,4
18,Granada,2004,50.042500000000004,13.3775,43.305,4
18,Granada,2005,51.4375,13.1175,44.69,4
18,Granada,2006,53.455,10.985,47.582499999999996,4
18,Granada,2007,54.5025,11.8825,48.0175,4
18,Granada,2008,56.3225,19.3275,45.435,4
18,Granada,2009,56.582499999999996,26.2225,41.7425,4
18,Granada,2010,56.760000000000005,28.735,40.455,4
18,Granada,2011,56.6625,29.122500000000002,40.1575,4
18,Granada,2012,57.9325,35.5875,37.29,4
18,Granada,2013,58.760000000000005,37.035,36.995,4
18,Granada,2014,58.8725,35.915,37.7275,4
18,Granada,2015,58.44,30.942500000000003,40.3475,4
18,Granada,2016,58.667500000000004,29.9375,41.095,4
18,Granada,2017,58.2225,25.7725,43.22,4
18,Granada,2018,56.91,23.997500000000002,43.25,4
18,Granada,2019,56.144999999999996,22.21,43.665,4
18,Granada,2020,53.925000000000004,23.775,41.11,4
18,Granada,2021,57.065,22.63,44.155,4
18,Granada,2022,57.415,20.9575,45.370000000000005,4
18,Granada,2023,58.4075,20.5075,46.425,4
18,Granada,2024,56.435,21.435,44.335,4
18,Granada,2025,55.8925,18.5,45.55,4
18,Granada,2026,54.6,15.05,46.38,1
19,Guadalajara,2002,51.685,8.8975,47.082499999999996,4
19,Guadalajara,2003,53.735,8.7475,49.0375,4
19,Guadalajara,2004,56.5575,8.065,52.0025,4
19,Guadalajara,2005,59.085,6.9775,54.962500000000006,4
19,Guadalajara,2006,59.3375,6.6625,55.3825,4
19,Guadalajara,2007,59.3775,5.0024999999999995,56.405,4
19,Guadalajara,2008,60.8825,8.7575,55.535,4
19,Guadalajara,2009,61.760000000000005,13.9125,53.17,4
19,Guadalajara,2010,63.0625,17.2025,52.2225,4
19,Guadalajara,2011,63.08,19.5675,50.7325,4
19,Guadalajara,2012,65.17,22.6375,50.3875,4
19,Guadalajara,2013,64.16499999999999,22.560000000000002,49.667500000000004,4
19,Guadalajara,2014,65.2425,23.265,50.06,4
19,Guadalajara,2015,66.11000000000001,19.295,53.35,4
19,Guadalajara,2016,65.22,17.7875,53.6175,4
19,Guadalajara,2017,64.1975,13.9075,55.269999999999996,4
19,Guadalajara,2018,66.3075,11.4475,58.722500000000004,4
19,Guadalajara,2019,66.83250000000001,12.145,58.7175,4
19,Guadalajara,2020,62.3925,14.870000000000001,53.129999999999995,4
19,Guadalajara,2021,60.7375,12.7475,52.9925,4
19,Guadalajara,2022,62.5225,11.1725,55.53,4
19,Guadalajara,2023,64.0975,9.865,57.7775,4
19,Guadalajara,2024,64.4225,10.875,57.415,4
19,Guadalajara,2025,63.2775,10.497499999999999,56.6275,4
19,Guadalajara,2026,62.15,8.96,56.58,1
20,Gipuzkoa,2002,56.195,7.0075,52.255,4
20,Gipuzkoa,2003,57.1175,6.44,53.435,4
20,Gipuzkoa,2004,57.095,6.7975,53.21,4
20,Gipuzkoa,2005,58.195,5.695,54.879999999999995,4
20,Gipuzkoa,2006,58.835,5.7575,55.447500000000005,4
20,Gipuzkoa,2007,59.8575,5.0925,56.8125,4
20,Gipuzkoa,2008,60.2025,5.335,56.9925,4
20,Gipuzkoa,2009,59.019999999999996,9.282499999999999,53.540000000000006,4
20,Gipuzkoa,2010,58.1475,8.030000000000001,53.4775,4
20,Gipuzkoa,2011,59.5975,10.1775,53.5325,4
20,Gipuzkoa,2012,57.435,12.97,49.9925,4
20,Gipuzkoa,2013,56.0625,14.115,48.15,4
20,Gipuzkoa,2014,55.980000000000004,14.26,47.995000000000005,4
20,Gipuzkoa,2015,56.4975,12.67,49.3425,4
20,Gipuzkoa,2016,56.895,10.2575,51.052499999999995,4
20,Gipuzkoa,2017,55.269999999999996,9.015,50.2875,4
20,Gipuzkoa,2018,56.4675,7.6975,52.1225,4
20,Gipuzkoa,2019,56.075,7.22,52.0225,4
20,Gipuzkoa,2020,55.975,7.585,51.72,4
20,Gipuzkoa,2021,57.195,8.615,52.26,4
20,Gipuzkoa,2022,55.19,7.87,50.8525,4
20,Gipuzkoa,2023,55.245000000000005,7.465,51.12,4
20,Gipuzkoa,2024,53.61,6.3575,50.192499999999995,4
20,Gipuzkoa,2025,53.03,6.6425,49.504999999999995,4
20,Gipuzkoa,2026,53.79,7.39,49.81,1
21,Huelva,2002,52.057500000000005,21.439999999999998,40.875,4
21,Huelva,2003,52.7425,19.9375,42.2025,4
21,Huelva,2004,49.552499999999995,16.0775,41.5875,4
21,Huelva,2005,52.1225,15.682500000000001,43.94,4
21,Huelva,2006,52.7725,14.0875,45.3325,4
21,Huelva,2007,56.185,14.025,48.3125,4
21,Huelva,2008,57.1625,17.705000000000002,47.055,4
21,Huelva,2009,57.275000000000006,22.505,44.39,4
21,Huelva,2010,58.7725,27.305,42.730000000000004,4
21,Huelva,2011,59.7275,31.24,41.075,4
21,Huelva,2012,60.53,34.78,39.480000000000004,4
21,Huelva,2013,58.6875,34.8275,38.25,4
21,Huelva,2014,57.9975,31.9525,39.475,4
21,Huelva,2015,57.575,29.7625,40.4575,4
21,Huelva,2016,56.2225,29.035,39.8975,4
21,Huelva,2017,56.33,24.0325,42.795,4
21,Huelva,2018,55.6075,22.9175,42.87,4
21,Huelva,2019,57.2825,21.9425,44.724999999999994,4
21,Huelva,2020,53.8625,20.5975,42.7425,4
21,Huelva,2021,54.5475,20.377499999999998,43.4775,4
21,Huelva,2022,55.0275,17.494999999999997,45.43,4
21,Huelva,2023,56.66,18.3275,46.29,4
21,Huelva,2024,55.54,15.125,47.1375,4
21,Huelva,2025,57.412499999999994,13.1625,49.85,4
21,Huelva,2026,57.41,14.28,49.21,1
22,Huesca,2002,50.77,4.3375,48.5775,4
22,Huesca,2003,52.5775,3.835,50.56,4
22,Huesca,2004,53.6325,5.415,50.73,4
22,Huesca,2005,56.36,6.8025,52.5325,4
22,Huesca,2006,56.4125,5.4975000000000005,53.3175,4
22,Huesca,2007,56.2575,4.0375,53.9925,4
22,Huesca,2008,60.17,5.4350000000000005,56.9025,4
22,Huesca,2009,58.7475,10.8275,52.3825,4
22,Huesca,2010,58.307500000000005,12.9625,50.745000000000005,4
22,Huesca,2011,60.03,13.345,52.019999999999996,4
22,Huesca,2012,60.0125,14.59,51.2525,4
22,Huesca,2013,56.519999999999996,17.165,46.8175,4
22,Huesca,2014,57.515,17.205,47.6375,4
22,Huesca,2015,58.79,14.4725,50.2775,4
22,Huesca,2016,58.2325,12.54,50.9375,4
22,Huesca,2017,57.8675,9.0475,52.64,4
22,Huesca,2018,57.9525,9.51,52.4425,4
22,Huesca,2019,59.0725,9.022499999999999,53.745,4
22,Huesca,2020,57.65,10.7575,51.45,4
22,Huesca,2021,58.8925,7.6175,54.4125,4
22,Huesca,2022,57.7325,9.42,52.292500000000004,4
22,Huesca,2023,57.0875,8.4475,52.26,4
22,Huesca,2024,59.2325,9.129999999999999,53.832499999999996,4
22,Huesca,2025,59.5075,6.6825,55.5325,4
22,Huesca,2026,59.23,5.56,55.94,1
23,Jaén,2002,49.1375,18.395,40.1025,4
23,Jaén,2003,50.275000000000006,18.88,40.815,4
23,Jaén,2004,50.8725,18.245,41.615,4
23,Jaén,2005,49.2925,15.9575,41.4275,4
23,Jaén,2006,49.025,13.6375,42.335,4
23,Jaén,2007,50.7225,13.0525,44.0925,4
23,Jaén,2008,52.71,16.4825,44.02,4
23,Jaén,2009,52.9825,23.5775,40.510000000000005,4
23,Jaén,2010,54.135,25.05,40.5875,4
23,Jaén,2011,53.8575,28.075,38.7575,4
23,Jaén,2012,54.5325,35.8125,35.0025,4
23,Jaén,2013,56.175,39.3575,34.0725,4
23,Jaén,2014,54.5375,33.2825,36.400000000000006,4
23,Jaén,2015,55.182500000000005,34.0625,36.3925,4
23,Jaén,2016,54.3825,32.0925,36.94,4
23,Jaén,2017,55.0675,26.755000000000003,40.32,4
23,Jaén,2018,52.895,23.0125,40.725,4
23,Jaén,2019,52.1725,22.29,40.545,4
23,Jaén,2020,51.345,23.995,39.0275,4
23,Jaén,2021,52.7175,22.09,41.08,4
23,Jaén,2022,52.2325,18.975,42.32,4
23,Jaén,2023,52,18.4725,42.37,4
23,Jaén,2024,51.9275,19.335,41.8625,4
23,Jaén,2025,52.3025,15.9025,43.985,4
23,Jaén,2026,52.3,11.81,46.13,1
24,León,2002,43.015,10.435,38.525,4
24,León,2003,43.165,9.53,39.0475,4
24,León,2004,44.12,8.3375,40.4375,4
24,León,2005,49.265,10.844999999999999,43.93,4
24,León,2006,48.677499999999995,8.93,44.34,4
24,León,2007,50.5475,7.6875,46.66,4
24,León,2008,50.135,9.532499999999999,45.355000000000004,4
24,León,2009,51.16,14.6175,43.6775,4
24,León,2010,51.425,16.1475,43.1225,4
24,León,2011,51.0875,17.2,42.3025,4
24,León,2012,50.8025,21.5,39.8775,4
24,León,2013,50.7925,23.8925,38.66,4
24,León,2014,51.3025,24.33,38.82,4
24,León,2015,50.045,21.2475,39.41,4
24,León,2016,50.715,19.2175,40.975,4
24,León,2017,50.0775,16.4025,41.8625,4
24,León,2018,50.3675,11.765,44.445,4
24,León,2019,52.0275,12.6875,45.43,4
24,León,2020,49.42,14.46,42.2675,4
24,León,2021,49.89,13.622499999999999,43.1175,4
24,León,2022,51.705,10.629999999999999,46.205,4
24,León,2023,50.1025,10.1325,45.025,4
24,León,2024,48.6225,9.6125,43.94,4
24,León,2025,49.9825,10.155,44.91,4
24,León,2026,49.28,8.46,45.11,1
25,Lleida,2002,53.8975,6.485,50.3975,4
25,Lleida,2003,54.1775,5.6575,51.1175,4
25,Lleida,2004,55.9325,4.695,53.3025,4
25,Lleida,2005,59.9275,6.175,56.2225,4
25,Lleida,2006,60.8625,6.3925,56.965,4
25,Lleida,2007,60.235,3.0324999999999998,58.4125,4
25,Lleida,2008,62.510000000000005,6.555,58.385000000000005,4
25,Lleida,2009,62.6975,11.56,55.445,4
25,Lleida,2010,60.375,14.635,51.535,4
25,Lleida,2011,61.395,13.780000000000001,52.9275,4
25,Lleida,2012,61.902499999999996,17.8325,50.8625,4
25,Lleida,2013,62.5025,16.4725,52.205,4
25,Lleida,2014,60.9825,15.045,51.81,4
25,Lleida,2015,62.9175,15.0375,53.4625,4
25,Lleida,2016,60.33,11.6275,53.2775,4
25,Lleida,2017,59.6225,11.67,52.665,4
25,Lleida,2018,59.7675,10.545,53.447500000000005,4
25,Lleida,2019,62.14,9.675,56.129999999999995,4
25,Lleida,2020,60.98,9.3575,55.265,4
25,Lleida,2021,62.195,11.2175,55.2125,4
25,Lleida,2022,59.9075,9.995000000000001,53.93,4
25,Lleida,2023,59.015,7.592499999999999,54.542500000000004,4
25,Lleida,2024,60.39,6.635,56.375,4
25,Lleida,2025,60.9975,5.2,57.8125,4
25,Lleida,2026,60.46,7.3,56.05,1
26,"Rioja, La",2002,52.7825,7.05,49.0625,4
26,"Rioja, La",2003,53.605000000000004,6.0325,50.3725,4
26,"Rioja, La",2004,55.2025,5.9475,51.9275,4
26,"Rioja, La",2005,60.03,6.375,56.2075,4
26,"Rioja, La",2006,59.6725,6.1125,56.0225,4
26,"Rioja, La",2007,59.4,5.7675,55.97,4
26,"Rioja, La",2008,60.45,7.8925,55.6775,4
26,"Rioja, La",2009,60.51,12.6475,52.8575,4
26,"Rioja, La",2010,59.9025,14.145,51.4275,4
26,"Rioja, La",2011,60.605000000000004,17.2075,50.1725,4
26,"Rioja, La",2012,59.85,20.5675,47.5325,4
26,"Rioja, La",2013,59.31,20.035,47.425,4
26,"Rioja, La",2014,60.277499999999996,18.16,49.3275,4
26,"Rioja, La",2015,59.375,15.3825,50.239999999999995,4
26,"Rioja, La",2016,59.2325,13.535,51.207499999999996,4
26,"Rioja, La",2017,58.955,11.9925,51.885,4
26,"Rioja, La",2018,59.1525,10.4025,53,4
26,"Rioja, La",2019,59.5075,9.96,53.58,4
26,"Rioja, La",2020,58.4,10.8,52.0925,4
26,"Rioja, La",2021,59.8775,11.605,52.925000000000004,4
26,"Rioja, La",2022,59.53,9.55,53.84,4
26,"Rioja, La",2023,58.965,9.375,53.4375,4
26,"Rioja, La",2024,58.4575,9.745000000000001,52.76,4
26,"Rioja, La",2025,59.2475,8.1175,54.442499999999995,4
26,"Rioja, La",2026,57.84,9.62,52.28,1
27,Lugo,2002,49.635000000000005,9.2325,45.0475,4
27,Lugo,2003,49.45,8.1425,45.41,4
27,Lugo,2004,50.067499999999995,8.8325,45.644999999999996,4
27,Lugo,2005,48.65,6.72,45.38,4
27,Lugo,2006,50.215,6.565,46.9175,4
27,Lugo,2007,49.4425,5.76,46.59,4
27,Lugo,2008,51.332499999999996,6.282500000000001,48.1075,4
27,Lugo,2009,49.792500000000004,9.405000000000001,45.1125,4
27,Lugo,2010,51.7425,10.7825,46.1625,4
27,Lugo,2011,52.31,11.9075,46.082499999999996,4
27,Lugo,2012,51.57,16.11,43.26,4
27,Lugo,2013,52.005,18.96,42.144999999999996,4
27,Lugo,2014,51.435,18.947499999999998,41.67,4
27,Lugo,2015,51.91,15.9575,43.6325,4
27,Lugo,2016,52.115,14.785,44.405,4
27,Lugo,2017,51.6575,12.66,45.1225,4
27,Lugo,2018,51.692499999999995,9.1875,46.9425,4
27,Lugo,2019,51.0175,8.8625,46.495,4
27,Lugo,2020,51.205,8.787500000000001,46.7025,4
27,Lugo,2021,52.254999999999995,8.8725,47.615,4
27,Lugo,2022,51.675,9.125,46.96,4
27,Lugo,2023,52.41,8.22,48.0925,4
27,Lugo,2024,52.1475,7.09,48.4475,4
27,Lugo,2025,51.84,6.3225,48.555,4
27,Lugo,2026,54.88,8.89,50.01,1
28,Madrid,2002,58.739999999999995,7.2975,54.455,4
28,Madrid,2003,59.455,7.3675,55.075,4
28,Madrid,2004,60.875,6.737500000000001,56.775,4
28,Madrid,2005,63.3125,6.835,58.9875,4
28,Madrid,2006,64.275,6.3025,60.2275,4
28,Madrid,2007,64.955,6.2425,60.9,4
28,Madrid,2008,65.525,8.6,59.885,4
28,Madrid,2009,65.77499999999999,13.855,56.6625,4
28,Madrid,2010,66.0775,15.8425,55.61,4
28,Madrid,2011,65.2375,16.3375,54.58,4
28,Madrid,2012,65.325,18.53,53.22,4
28,Madrid,2013,64.4625,19.7625,51.72,4
28,Madrid,2014,63.86,18.747500000000002,51.8925,4
28,Madrid,2015,64.575,17.0575,53.557500000000005,4
28,Madrid,2016,63.65,15.712499999999999,53.644999999999996,4
28,Madrid,2017,62.870000000000005,13.3425,54.4825,4
28,Madrid,2018,62.895,12.219999999999999,55.207499999999996,4
28,Madrid,2019,62.835,10.622499999999999,56.1575,4
28,Madrid,2020,62.14,12.497499999999999,54.3725,4
28,Madrid,2021,63.3275,11.6875,55.925,4
28,Madrid,2022,63.302499999999995,11.215,56.2,4
28,Madrid,2023,63.245,9.955,56.9525,4
28,Madrid,2024,63.1475,8.975,57.480000000000004,4
28,Madrid,2025,63.2725,7.9675,58.230000000000004,4
28,Madrid,2026,63.29,7.91,58.28,1
29,Málaga,2002,52.1775,14.91,44.395,4
29,Málaga,2003,52.6975,16.2425,44.14,4
29,Málaga,2004,53.645,14.985,45.6225,4
29,Málaga,2005,55.495000000000005,11.56,49.082499999999996,4
29,Málaga,2006,56.1475,11.02,49.9625,4
29,Málaga,2007,57.3575,10.835,51.14,4
29,Málaga,2008,58.1125,18.1775,47.5225,4
29,Málaga,2009,58.83,26.1425,43.435,4
29,Málaga,2010,59.5075,29.122500000000002,42.177499999999995,4
29,Málaga,2011,58.6125,30.64,40.6475,4
29,Málaga,2012,59.3625,34.2875,39.010000000000005,4
29,Málaga,2013,58.66,35.735,37.7,4
29,Málaga,2014,59.695,32.6275,40.23,4
29,Málaga,2015,60.1375,29.5675,42.345,4
29,Málaga,2016,57.7475,26.0575,42.6875,4
29,Málaga,2017,56.05,22.4375,43.465,4
29,Málaga,2018,57.0625,19.189999999999998,46.1175,4
29,Málaga,2019,56.905,17.6425,46.864999999999995,4
29,Málaga,2020,56.295,20.345,44.837500000000006,4
29,Málaga,2021,57.43,20.427500000000002,45.7025,4
29,Málaga,2022,57.115,18.4425,46.585,4
29,Málaga,2023,58.3275,16.822499999999998,48.5225,4
29,Málaga,2024,57.894999999999996,13.559999999999999,50.042500000000004,4
29,Málaga,2025,59.9075,12.9825,52.1425,4
29,Málaga,2026,59.85,12.59,52.32,1
30,Murcia,2002,56.0875,11.295,49.7525,4
30,Murcia,2003,57.425,10.7875,51.2275,4
30,Murcia,2004,58.74,10.7275,52.4425,4
30,Murcia,2005,58.25,8.0375,53.567499999999995,4
30,Murcia,2006,59.35,7.8774999999999995,54.6775,4
30,Murcia,2007,60.5875,7.54,56.0175,4
30,Murcia,2008,61.68,12.43,54.015,4
30,Murcia,2009,61.31,20.3275,48.8575,4
30,Murcia,2010,61.94,22.8625,47.775000000000006,4
30,Murcia,2011,61.495,24.985,46.1275,4
30,Murcia,2012,61.775,27.615000000000002,44.7175,4
30,Murcia,2013,61.4,28.98,43.6075,4
30,Murcia,2014,61.085,26.585,44.845,4
30,Murcia,2015,59.447500000000005,24.615000000000002,44.815,4
30,Murcia,2016,59.1375,19.7825,47.4375,4
30,Murcia,2017,59.5175,18.0325,48.7875,4
30,Murcia,2018,59.3125,16.7625,49.3725,4
30,Murcia,2019,59.120000000000005,14.68,50.4425,4
30,Murcia,2020,58.8375,16.17,49.315,4
30,Murcia,2021,60.1875,14.7225,51.33,4
30,Murcia,2022,59.555,13.585,51.4675,4
30,Murcia,2023,59.5875,12.775,51.975,4
30,Murcia,2024,59.7375,12.7325,52.1325,4
30,Murcia,2025,59.9475,12.1025,52.69,4
30,Murcia,2026,60.42,10.84,53.87,1
31,Navarra,2002,56.2775,5.835,52.995,4
31,Navarra,2003,56.685,5.7975,53.394999999999996,4
31,Navarra,2004,57.5375,5.5725,54.33,4
31,Navarra,2005,60.05,5.654999999999999,56.652499999999996,4
31,Navarra,2006,60.980000000000004,5.375,57.7025,4
31,Navarra,2007,61.26,4.72,58.3675,4
31,Navarra,2008,61.545,6.83,57.3425,4
31,Navarra,2009,61.015,10.8325,54.405,4
31,Navarra,2010,60.725,11.9025,53.5,4
31,Navarra,2011,60.9825,12.9875,53.06,4
31,Navarra,2012,60.715,16.1625,50.9,4
31,Navarra,2013,60.175,17.93,49.385,4
31,Navarra,2014,59.7525,15.71,50.3625,4
31,Navarra,2015,58.8,13.8275,50.67,4
31,Navarra,2016,58.545,12.485,51.2375,4
31,Navarra,2017,59.120000000000005,10.2375,53.0675,4
31,Navarra,2018,59.0925,10.0275,53.17,4
31,Navarra,2019,58.635,8.2425,53.8025,4
31,Navarra,2020,57.1275,10.055,51.379999999999995,4
31,Navarra,2021,58.1725,10.712499999999999,51.942499999999995,4
31,Navarra,2022,58.7225,9.735,53.0025,4
31,Navarra,2023,58.7875,9.945,52.94,4
31,Navarra,2024,59.2625,7.64,54.735,4
31,Navarra,2025,58.9475,7.6899999999999995,54.4125,4
31,Navarra,2026,58.47,9.09,53.15,1
32,Ourense,2002,45.2575,8.4125,41.455,4
32,Ourense,2003,45.38,8.535,41.5,4
32,Ourense,2004,47.185,13.28,40.9225,4
32,Ourense,2005,47.644999999999996,10.655,42.5675,4
32,Ourense,2006,48.93,8.985,44.525,4
32,Ourense,2007,49.6625,5.775,46.7975,4
32,Ourense,2008,49.8925,6.25,46.775000000000006,4
32,Ourense,2009,49.0925,10.4175,43.9925,4
32,Ourense,2010,48.845,16.4275,40.8225,4
32,Ourense,2011,49.8375,17.775,40.975,4
32,Ourense,2012,49.5525,20.96,39.175,4
32,Ourense,2013,47.91,24.060000000000002,36.3825,4
32,Ourense,2014,47.3175,21.345,37.22,4
32,Ourense,2015,47.775,20.3425,38.045,4
32,Ourense,2016,47.99,19.54,38.6225,4
32,Ourense,2017,47.925,16.47,40.0225,4
32,Ourense,2018,47.99,13.75,41.3925,4
32,Ourense,2019,47.629999999999995,12.932500000000001,41.4675,4
32,Ourense,2020,47.3825,11.725,41.83,4
32,Ourense,2021,48.205,10.9475,42.927499999999995,4
32,Ourense,2022,48.504999999999995,11.4875,42.9325,4
32,Ourense,2023,48.835,9.57,44.17,4
32,Ourense,2024,48.915,10.98,43.5425,4
32,Ourense,2025,47.5225,9.48,43.0175,4
32,Ourense,2026,48.93,11.29,43.41,1
33,Asturias,2002,44.192499999999995,9.805,39.8575,4
33,Asturias,2003,46.265,11.3,41.04,4
33,Asturias,2004,46.43,10.3225,41.635,4
33,Asturias,2005,48.2975,10.0375,43.4525,4
33,Asturias,2006,50,9.1625,45.42,4
33,Asturias,2007,50.535,8.4175,46.2875,4
33,Asturias,2008,52.665,8.5,48.19,4
33,Asturias,2009,51.9625,13.42,44.99,4
33,Asturias,2010,51.839999999999996,15.915000000000001,43.59,4
33,Asturias,2011,51.864999999999995,17.84,42.6125,4
33,Asturias,2012,52.3,21.822499999999998,40.8825,4
33,Asturias,2013,52.435,24.127499999999998,39.785,4
33,Asturias,2014,51.8375,21.1275,40.885,4
33,Asturias,2015,50.97,19.11,41.230000000000004,4
33,Asturias,2016,51.6825,17.6075,42.5775,4
33,Asturias,2017,50.86,13.7125,43.885000000000005,4
33,Asturias,2018,50.7725,13.6075,43.8625,4
33,Asturias,2019,50.7,14.192499999999999,43.5025,4
33,Asturias,2020,50.0225,14.12,42.96,4
33,Asturias,2021,50.4125,12.335,44.19,4
33,Asturias,2022,49.4225,12.5125,43.2375,4
33,Asturias,2023,50.085,12.1225,44.015,4
33,Asturias,2024,51.4025,10.135,46.2025,4
33,Asturias,2025,52.68,8.8325,48.0275,4
33,Asturias,2026,52.02,9.02,47.33,1
34,Palencia,2002,45.1025,8.49,41.2725,4
34,Palencia,2003,47.7175,9.19,43.33,4
34,Palencia,2004,49.9975,7.445,46.2825,4
34,Palencia,2005,53.18,7.3925,49.2425,4
34,Palencia,2006,52.7825,7.1925,48.99,4
34,Palencia,2007,51.6175,6.16,48.4375,4
34,Palencia,2008,51.385000000000005,9.7075,46.3925,4
34,Palencia,2009,53.05,14.5925,45.317499999999995,4
34,Palencia,2010,55.42,15.165,47.015,4
34,Palencia,2011,54.57,17.7975,44.8575,4
34,Palencia,2012,55.275,18.9975,44.775,4
34,Palencia,2013,55.7475,21.34,43.8525,4
34,Palencia,2014,53.53,22.3125,41.582499999999996,4
34,Palencia,2015,55.2175,20.31,44.0175,4
34,Palencia,2016,54.625,15.212499999999999,46.32,4
34,Palencia,2017,54.5175,13.6275,47.09,4
34,Palencia,2018,53.525000000000006,12.02,47.1,4
34,Palencia,2019,52.7325,10.49,47.209999999999994,4
34,Palencia,2020,53.45,11.42,47.3525,4
34,Palencia,2021,52.9625,9.9925,47.6725,4
34,Palencia,2022,54.6175,9.5075,49.4325,4
34,Palencia,2023,54.82,8.735,50.0375,4
34,Palencia,2024,53.9,7,50.1275,4
34,Palencia,2025,52.230000000000004,7.61,48.2525,4
34,Palencia,2026,52.58,7.45,48.66,1
35,"Palmas, Las",2002,57.825,10.7025,51.635000000000005,4
35,"Palmas, Las",2003,59.0075,10.425,52.855000000000004,4
35,"Palmas, Las",2004,59.567499999999995,11.002500000000001,53.0125,4
35,"Palmas, Las",2005,61.08,12.6775,53.335,4
35,"Palmas, Las",2006,62.7975,11.9675,55.28,4
35,"Palmas, Las",2007,62.295,11.2325,55.3,4
35,"Palmas, Las",2008,62.05,18.21,50.745,4
35,"Palmas, Las",2009,63.2725,27.78,45.695,4
35,"Palmas, Las",2010,62.7375,30.63,43.5275,4
35,"Palmas, Las",2011,63.0875,31.2875,43.35,4
35,"Palmas, Las",2012,64.08,33.9975,42.2975,4
35,"Palmas, Las",2013,64.13499999999999,34.8225,41.805,4
35,"Palmas, Las",2014,62.2475,33.1225,41.6375,4
35,"Palmas, Las",2015,62.045,29.8675,43.505,4
35,"Palmas, Las",2016,60.46,26.295,44.5575,4
35,"Palmas, Las",2017,61.135,24.560000000000002,46.1225,4
35,"Palmas, Las",2018,61.114999999999995,20.235,48.7475,4
35,"Palmas, Las",2019,60.12,22.22,46.77,4
35,"Palmas, Las",2020,57.22,22.0425,44.6475,4
35,"Palmas, Las",2021,58.45,23.555,44.72,4
35,"Palmas, Las",2022,60.9,17.32,50.3575,4
35,"Palmas, Las",2023,61.0375,15.0475,51.85,4
35,"Palmas, Las",2024,60.519999999999996,14.015,52.0375,4
35,"Palmas, Las",2025,61.129999999999995,14.705,52.144999999999996,4
35,"Palmas, Las",2026,61.1,13.67,52.75,1
36,Pontevedra,2002,52.2225,13.67,45.082499999999996,4
36,Pontevedra,2003,54.575,14.317499999999999,46.7625,4
36,Pontevedra,2004,56.2025,14.1575,48.245000000000005,4
36,Pontevedra,2005,55.7125,11.0475,49.5625,4
36,Pontevedra,2006,55.855000000000004,9.0425,50.81,4
36,Pontevedra,2007,56.957499999999996,8.0175,52.39,4
36,Pontevedra,2008,57.1975,9.887500000000001,51.5375,4
36,Pontevedra,2009,57.0225,15.2525,48.325,4
36,Pontevedra,2010,56.0025,18.195,45.815,4
36,Pontevedra,2011,56.325,20.705,44.660000000000004,4
36,Pontevedra,2012,56.725,24.502499999999998,42.8275,4
36,Pontevedra,2013,55.8825,24.7425,42.057500000000005,4
36,Pontevedra,2014,55.33,24.7075,41.66,4
36,Pontevedra,2015,54.4675,22.465,42.23,4
36,Pontevedra,2016,54.177499999999995,19.3875,43.6775,4
36,Pontevedra,2017,53.9425,18.3125,44.067499999999995,4
36,Pontevedra,2018,53.815,16.0175,45.1925,4
36,Pontevedra,2019,53.7425,14.2925,46.0625,4
36,Pontevedra,2020,53.2475,14.129999999999999,45.72,4
36,Pontevedra,2021,53.525,13.747499999999999,46.1675,4
36,Pontevedra,2022,53.8875,12.657499999999999,47.07,4
36,Pontevedra,2023,54.13,10.9925,48.182500000000005,4
36,Pontevedra,2024,55.0975,11.2775,48.8925,4
36,Pontevedra,2025,55.8525,10.004999999999999,50.265,4
36,Pontevedra,2026,56.08,9.83,50.57,1
37,Salamanca,2002,50.56,13.157499999999999,43.91,4
37,Salamanca,2003,51.2925,15.377500000000001,43.405,4
37,Salamanca,2004,52.714999999999996,15.629999999999999,44.4825,4
37,Salamanca,2005,52.207499999999996,9.3975,47.3075,4
37,Salamanca,2006,51.25,10.05,46.0925,4
37,Salamanca,2007,50.405,8.585,46.08,4
37,Salamanca,2008,51.8725,11.5125,45.89,4
37,Salamanca,2009,52.43,15.6375,44.24,4
37,Salamanca,2010,53.055,16.03,44.55,4
37,Salamanca,2011,53.8075,16.745,44.7975,4
37,Salamanca,2012,54.8775,19.752499999999998,44.0375,4
37,Salamanca,2013,53.585,22.02,41.785,4
37,Salamanca,2014,53.825,21.085,42.480000000000004,4
37,Salamanca,2015,54.1875,15.955,45.5575,4
37,Salamanca,2016,52.3425,16.4775,43.7175,4
37,Salamanca,2017,53.2575,14.56,45.5175,4
37,Salamanca,2018,53.5875,13.0975,46.5675,4
37,Salamanca,2019,53.25,13.4,46.1125,4
37,Salamanca,2020,51.8125,13.4675,44.8275,4
37,Salamanca,2021,53.129999999999995,13.3375,46.045,4
37,Salamanca,2022,54.2325,11.2225,48.1475,4
37,Salamanca,2023,53.4825,10.82,47.692499999999995,4
37,Salamanca,2024,52.8175,11.8475,46.56,4
37,Salamanca,2025,54.0925,7.9775,49.7725,4
37,Salamanca,2026,53.5,10.06,48.12,1
38,Santa Cruz de Tenerife,2002,56.7275,11.495000000000001,50.205,4
38,Santa Cruz de Tenerife,2003,58.4675,12.335,51.2475,4
38,Santa Cruz de Tenerife,2004,58.42,12.9275,50.86,4
38,Santa Cruz de Tenerife,2005,57.8625,10.6025,51.730000000000004,4
38,Santa Cruz de Tenerife,2006,59.28,11.23,52.6275,4
38,Santa Cruz de Tenerife,2007,59.4625,9.5775,53.769999999999996,4
38,Santa Cruz de Tenerife,2008,59.42,16.13,49.832499999999996,4
38,Santa Cruz de Tenerife,2009,60.332499999999996,23.9975,45.8525,4
38,Santa Cruz de Tenerife,2010,61.0625,26.37,44.9625,4
38,Santa Cruz de Tenerife,2011,62.457499999999996,27.1,45.53,4
38,Santa Cruz de Tenerife,2012,61.7975,31.005,42.6425,4
38,Santa Cruz de Tenerife,2013,60.2175,32.4825,40.6525,4
38,Santa Cruz de Tenerife,2014,60.3175,31.6525,41.230000000000004,4
38,Santa Cruz de Tenerife,2015,61.8,28.29,44.324999999999996,4
38,Santa Cruz de Tenerife,2016,61.817499999999995,25.8175,45.8625,4
38,Santa Cruz de Tenerife,2017,59.465,22.2575,46.225,4
38,Santa Cruz de Tenerife,2018,59.644999999999996,19.9025,47.775,4
38,Santa Cruz de Tenerife,2019,60.075,18.6925,48.845,4
38,Santa Cruz de Tenerife,2020,57.035,23.3075,43.7475,4
38,Santa Cruz de Tenerife,2021,57.2,23.4825,43.792500000000004,4
38,Santa Cruz de Tenerife,2022,57.295,18.005000000000003,46.97,4
38,Santa Cruz de Tenerife,2023,58.4825,17.2425,48.405,4
38,Santa Cruz de Tenerife,2024,58.567499999999995,13.48,50.665,4
38,Santa Cruz de Tenerife,2025,58.769999999999996,12.2,51.5975,4
38,Santa Cruz de Tenerife,2026,59.26,8.88,54,1
39,Cantabria,2002,50.7825,10.025,45.6925,4
39,Cantabria,2003,52.705,10.41,47.215,4
39,Cantabria,2004,53.445,10.5625,47.8,4
39,Cantabria,2005,54.900000000000006,8.504999999999999,50.2375,4
39,Cantabria,2006,55.5275,6.465,51.94,4
39,Cantabria,2007,56.6325,5.9625,53.2575,4
39,Cantabria,2008,57.2525,7.16,53.15,4
39,Cantabria,2009,57.0025,12,50.165,4
39,Cantabria,2010,56.1275,13.7,48.4375,4
39,Cantabria,2011,56.4375,15.3,47.8075,4
39,Cantabria,2012,56.879999999999995,17.7925,46.7575,4
39,Cantabria,2013,56.1425,20.447499999999998,44.665,4
39,Cantabria,2014,56.49,19.4175,45.525,4
39,Cantabria,2015,56.085,17.6475,46.19,4
39,Cantabria,2016,56.1225,14.907499999999999,47.765,4
39,Cantabria,2017,55.785,13.565,48.22,4
39,Cantabria,2018,54.815,10.675,48.9625,4
39,Cantabria,2019,55.055,10.28,49.3925,4
39,Cantabria,2020,53.8125,12.165,47.28,4
39,Cantabria,2021,55.22,11.265,49.01,4
39,Cantabria,2022,54.7025,9.575,49.4675,4
39,Cantabria,2023,54.8125,8.1425,50.3525,4
39,Cantabria,2024,55.8775,7.8475,51.495,4
39,Cantabria,2025,55.485,7.3375,51.412499999999994,4
39,Cantabria,2026,54.75,7.49,50.65,1
40,Segovia,2002,51.6525,9.575,46.7025,4
40,Segovia,2003,53.6475,9.844999999999999,48.3825,4
40,Segovia,2004,55.9475,8.67,51.12,4
40,Segovia,2005,56.435,6.855,52.57,4
40,Segovia,2006,57.2625,7.525,52.955,4
40,Segovia,2007,56.24,5.5975,53.0925,4
40,Segovia,2008,58.2475,10.3925,52.2075,4
40,Segovia,2009,57.61,12.6975,50.2825,4
40,Segovia,2010,58.2175,11.9225,51.2775,4
40,Segovia,2011,57.7625,13.9025,49.73,4
40,Segovia,2012,57.902499999999996,19.725,46.4825,4
40,Segovia,2013,59.0275,19.3275,47.62,4
40,Segovia,2014,59.2025,14.379999999999999,50.69,4
40,Segovia,2015,59.712500000000006,14.815,50.8625,4
40,Segovia,2016,60.525,14.16,51.9675,4
40,Segovia,2017,59.8975,11.9225,52.755,4
40,Segovia,2018,57.365,11.82,50.5775,4
40,Segovia,2019,59.52,9.8325,53.66,4
40,Segovia,2020,58.4925,9.145,53.155,4
40,Segovia,2021,57.7125,9.36,52.31,4
40,Segovia,2022,57.6075,8.2725,52.8375,4
40,Segovia,2023,58.9225,8.065,54.17,4
40,Segovia,2024,58.7525,6.6925,54.815,4
40,Segovia,2025,57.545,5.91,54.14,4
40,Segovia,2026,57.6,7.03,53.55,1
41,Sevilla,2002,54.34,20.0825,43.4275,4
41,Sevilla,2003,54.7675,18.325,44.7375,4
41,Sevilla,2004,56.22,17.2625,46.5175,4
41,Sevilla,2005,56.655,13.8,48.8425,4
41,Sevilla,2006,57.32,12.844999999999999,49.96,4
41,Sevilla,2007,58.182500000000005,12.9425,50.652499999999996,4
41,Sevilla,2008,59.31,15.9575,49.832499999999996,4
41,Sevilla,2009,59.44,23.5175,45.4675,4
41,Sevilla,2010,59.2125,25.2675,44.254999999999995,4
41,Sevilla,2011,59.7275,27.1325,43.525,4
41,Sevilla,2012,59.925,31.497500000000002,41.055,4
41,Sevilla,2013,59.54,34.010000000000005,39.29,4
41,Sevilla,2014,59.53,32.7775,40.025,4
41,Sevilla,2015,60.2375,30.5,41.8675,4
41,Sevilla,2016,58.6775,27.6375,42.457499999999996,4
41,Sevilla,2017,58.445,24.2725,44.26,4
41,Sevilla,2018,58.96,22.44,45.730000000000004,4
41,Sevilla,2019,58.8875,21.502499999999998,46.230000000000004,4
41,Sevilla,2020,56.715,22.0975,44.1775,4
41,Sevilla,2021,57.955,22.045,45.185,4
41,Sevilla,2022,58.065,17.3875,47.9675,4
41,Sevilla,2023,58.0775,16.7325,48.3575,4
41,Sevilla,2024,57.59,13.9525,49.5575,4
41,Sevilla,2025,57.9025,13.865,49.875,4
41,Sevilla,2026,57.53,12,50.62,1
42,Soria,2002,52.3475,4.845000000000001,49.81,4
42,Soria,2003,52.510000000000005,4.85,49.965,4
42,Soria,2004,51.6625,4.3,49.44,4
42,Soria,2005,53.0925,5.215,50.33,4
42,Soria,2006,54.425,5.217499999999999,51.585,4
42,Soria,2007,56.3975,4.715,53.735,4
42,Soria,2008,56.682500000000005,5.5825,53.519999999999996,4
42,Soria,2009,55.6575,10.49,49.82,4
42,Soria,2010,57.7175,12.375,50.57,4
42,Soria,2011,59.0125,13.62,50.9775,4
42,Soria,2012,58.129999999999995,14.8275,49.515,4
42,Soria,2013,57.285,16.585,47.7875,4
42,Soria,2014,56.9475,17.035,47.25,4
42,Soria,2015,55.985,14.0775,48.0975,4
42,Soria,2016,55.4425,13.2075,48.1425,4
42,Soria,2017,59.785,10.84,53.315,4
42,Soria,2018,58.08,8.067499999999999,53.37,4
42,Soria,2019,58.32,7.48,53.96,4
42,Soria,2020,57.78,8.7625,52.71,4
42,Soria,2021,57.552499999999995,9.2025,52.260000000000005,4
42,Soria,2022,58.69,8.1,53.9375,4
42,Soria,2023,56.815,7.785,52.42,4
42,Soria,2024,57.5725,6.34,53.92,4
42,Soria,2025,58.29,7.7275,53.7875,4
42,Soria,2026,54.87,9.34,49.74,1
43,Tarragona,2002,59.615,8.74,54.405,4
43,Tarragona,2003,60.6425,7.755,55.9475,4
43,Tarragona,2004,60.3425,8.5625,55.1725,4
43,Tarragona,2005,60.9875,7.1375,56.64,4
43,Tarragona,2006,61.3175,6.265,57.4775,4
43,Tarragona,2007,61.805,6.5025,57.7875,4
43,Tarragona,2008,62.65,10.06,56.345,4
43,Tarragona,2009,62.135,17.145,51.480000000000004,4
43,Tarragona,2010,62.2375,18.5425,50.6925,4
43,Tarragona,2011,63.2025,19.985,50.5775,4
43,Tarragona,2012,62.015,23.41,47.504999999999995,4
43,Tarragona,2013,62.9975,26.9125,46.0475,4
43,Tarragona,2014,62.35,23.4625,47.745,4
43,Tarragona,2015,62.59,21.935000000000002,48.8625,4
43,Tarragona,2016,60.019999999999996,19.06,48.57,4
43,Tarragona,2017,59.9475,16.0875,50.325,4
43,Tarragona,2018,60.292500000000004,14.965,51.2725,4
43,Tarragona,2019,59.045,13.455,51.1025,4
43,Tarragona,2020,58.457499999999996,15.2675,49.53,4
43,Tarragona,2021,58.175,13.3625,50.3975,4
43,Tarragona,2022,56.83,11.395,50.3575,4
43,Tarragona,2023,58.9025,11.275,52.27,4
43,Tarragona,2024,59.2125,12.6975,51.7,4
43,Tarragona,2025,59.43,11.2325,52.7625,4
43,Tarragona,2026,59.26,12.6,51.79,1
44,Teruel,2002,44.715,6.005,42.025,4
44,Teruel,2003,45.7425,4.6825,43.5925,4
44,Teruel,2004,46.92,4.345000000000001,44.885,4
44,Teruel,2005,52.745,4.7375,50.25,4
44,Teruel,2006,52.2325,3.7575000000000003,50.269999999999996,4
44,Teruel,2007,54.72,4.475,52.269999999999996,4
44,Teruel,2008,55.175,6.345000000000001,51.675,4
44,Teruel,2009,56.3625,10.25,50.575,4
44,Teruel,2010,54.405,12.12,47.8175,4
44,Teruel,2011,55.155,14.497499999999999,47.1575,4
44,Teruel,2012,55.3,16.24,46.3225,4
44,Teruel,2013,54.0025,19.7425,43.3425,4
44,Teruel,2014,54.6775,20.0325,43.725,4
44,Teruel,2015,57.0025,17.025,47.305,4
44,Teruel,2016,56.7,13.445,49.0725,4
44,Teruel,2017,55.395,12.155000000000001,48.6725,4
44,Teruel,2018,56.195,9.16,51.0575,4
44,Teruel,2019,56.83,9.77,51.285000000000004,4
44,Teruel,2020,55.9525,10.585,50.0325,4
44,Teruel,2021,56.315,8.385,51.6125,4
44,Teruel,2022,56.92,8.94,51.83,4
44,Teruel,2023,56.9425,9.3925,51.6025,4
44,Teruel,2024,59.1825,7.197500000000001,54.92,4
44,Teruel,2025,58.917500000000004,7.63,54.4275,4
44,Teruel,2026,56.65,8.59,51.79,1
45,Toledo,2002,53.4175,11.5125,47.2725,4
45,Toledo,2003,54.3675,11.6975,48.010000000000005,4
45,Toledo,2004,54.615,10.46,48.905,4
45,Toledo,2005,56.39,9.3875,51.1,4
45,Toledo,2006,57.905,7.945,53.307500000000005,4
45,Toledo,2007,59.1,7.1025,54.9025,4
45,Toledo,2008,60.065,12.1325,52.78,4
45,Toledo,2009,60.11,20.37,47.865,4
45,Toledo,2010,59.3875,21.735,46.4725,4
45,Toledo,2011,62.43,23.87,47.5325,4
45,Toledo,2012,62.685,28.7625,44.6525,4
45,Toledo,2013,62.9975,32.0575,42.8,4
45,Toledo,2014,61.400000000000006,29.43,43.315,4
45,Toledo,2015,60.56,27.685,43.79,4
45,Toledo,2016,60.3275,25.4,45.01,4
45,Toledo,2017,60.4375,20.912499999999998,47.792500000000004,4
45,Toledo,2018,59.33,19.4675,47.7825,4
45,Toledo,2019,59.1775,16.86,49.2,4
45,Toledo,2020,59.015,18.8375,47.8775,4
45,Toledo,2021,61.879999999999995,16.4125,51.7275,4
45,Toledo,2022,61.19,15.185,51.9025,4
45,Toledo,2023,59.9175,13.64,51.7325,4
45,Toledo,2024,58.832499999999996,13.87,50.665,4
45,Toledo,2025,59.5425,13.525,51.4975,4
45,Toledo,2026,60.35,14.87,51.38,1
46,Valencia/València,2002,57.1425,12.0925,50.2325,4
46,Valencia/València,2003,58.129999999999995,11.515,51.432500000000005,4
46,Valencia/València,2004,58.53,10.7775,52.22,4
46,Valencia/València,2005,58.89,8.71,53.7625,4
46,Valencia/València,2006,60.2775,7.935,55.4975,4
46,Valencia/València,2007,61.3725,7.9925,56.47,4
46,Valencia/València,2008,61.6725,11.24,54.745,4
46,Valencia/València,2009,61.07,20.1875,48.745,4
46,Valencia/València,2010,60.965,21.7025,47.7325,4
46,Valencia/València,2011,61.04,23.575,46.65,4
46,Valencia/València,2012,60.6575,26.6,44.52,4
46,Valencia/València,2013,60.5575,27.66,43.81,4
46,Valencia/València,2014,59.86,25.3775,44.667500000000004,4
46,Valencia/València,2015,59.7975,21.8075,46.754999999999995,4
46,Valencia/València,2016,60.067499999999995,20.7225,47.6175,4
46,Valencia/València,2017,59.9975,18.54,48.879999999999995,4
46,Valencia/València,2018,59.480000000000004,15.192499999999999,50.4425,4
46,Valencia/València,2019,58.3,13.65,50.3425,4
46,Valencia/València,2020,57.67,15.285,48.8575,4
46,Valencia/València,2021,58.787499999999994,14.7125,50.1375,4
46,Valencia/València,2022,59.4825,12.5525,52.01,4
46,Valencia/València,2023,60.565,11.97,53.31,4
46,Valencia/València,2024,60.26,11.7025,53.21,4
46,Valencia/València,2025,59.144999999999996,11.004999999999999,52.6325,4
46,Valencia/València,2026,59.67,10.85,53.2,1
47,Valladolid,2002,54.730000000000004,13.067499999999999,47.585,4
47,Valladolid,2003,55.5225,13.1225,48.2375,4
47,Valladolid,2004,55.11,13.432500000000001,47.7025,4
47,Valladolid,2005,56.1375,9.095,51.0475,4
47,Valladolid,2006,58.4675,8.02,53.78,4
47,Valladolid,2007,58.5925,7.0600000000000005,54.455,4
47,Valladolid,2008,58.9725,8.8775,53.74,4
47,Valladolid,2009,58.99,12.6375,51.5375,4
47,Valladolid,2010,59.4275,15.065000000000001,50.4725,4
47,Valladolid,2011,60.269999999999996,16.63,50.245,4
47,Valladolid,2012,59.879999999999995,18.885,48.575,4
47,Valladolid,2013,58.415,20.057499999999997,46.7,4
47,Valladolid,2014,56.745,18.1475,46.4425,4
47,Valladolid,2015,57.2625,16.0875,48.052499999999995,4
47,Valladolid,2016,57.065,14.100000000000001,49.0125,4
47,Valladolid,2017,56.6075,13.825,48.7825,4
47,Valladolid,2018,57.09,10.99,50.825,4
47,Valladolid,2019,57.84,10.8675,51.55,4
47,Valladolid,2020,56.2725,10.605,50.3025,4
47,Valladolid,2021,54.120000000000005,10.92,48.19,4
47,Valladolid,2022,53.8825,8.5375,49.2825,4
47,Valladolid,2023,55.1125,9.372499999999999,49.95,4
47,Valladolid,2024,57.5625,10.005,51.807500000000005,4
47,Valladolid,2025,58.3575,8.7925,53.225,4
47,Valladolid,2026,56.39,10.25,50.61,1
48,Bizkaia,2002,53.182500000000005,11.3025,47.1725,4
48,Bizkaia,2003,54.3925,11.445,48.167500000000004,4
48,Bizkaia,2004,55.34,11.795,48.8175,4
48,Bizkaia,2005,56.2425,8.5375,51.4425,4
48,Bizkaia,2006,57.565,7.985,52.97,4
48,Bizkaia,2007,56.4,7.1625,52.3575,4
48,Bizkaia,2008,56.625,7.9174999999999995,52.14,4
48,Bizkaia,2009,56.36,12.51,49.31,4
48,Bizkaia,2010,57.3975,12.11,50.44,4
48,Bizkaia,2011,58.0025,14.1575,49.7875,4
48,Bizkaia,2012,57.8325,16.89,48.06,4
48,Bizkaia,2013,57.1575,17.7625,47,4
48,Bizkaia,2014,56.58,17.315,46.78,4
48,Bizkaia,2015,56.075,15.985,47.105000000000004,4
48,Bizkaia,2016,56.5675,14.21,48.53,4
48,Bizkaia,2017,56.4025,12.7,49.2375,4
48,Bizkaia,2018,55.7325,11.6475,49.2375,4
48,Bizkaia,2019,55.78,10.605,49.8625,4
48,Bizkaia,2020,54.545,11.2575,48.4075,4
48,Bizkaia,2021,55.4,11.065,49.2825,4
48,Bizkaia,2022,56.96,9.41,51.6,4
48,Bizkaia,2023,57.605000000000004,8.05,52.977500000000006,4
48,Bizkaia,2024,57.42,8.98,52.2675,4
48,Bizkaia,2025,57.225,7.7575,52.7825,4
48,Bizkaia,2026,56.95,8.52,52.1,1
49,Zamora,2002,40.5325,9.6325,36.6325,4
49,Zamora,2003,41.8525,13.3975,36.2475,4
49,Zamora,2004,43.8425,12.065,38.56,4
49,Zamora,2005,47.402499999999996,10.2275,42.555,4
49,Zamora,2006,47.54,9.1325,43.2,4
49,Zamora,2007,47.3025,8.397499999999999,43.34,4
49,Zamora,2008,48.15,9.485,43.575,4
49,Zamora,2009,47.065,14.205,40.3575,4
49,Zamora,2010,49.155,17.1225,40.7375,4
49,Zamora,2011,49,18.4525,39.95,4
49,Zamora,2012,47.245000000000005,23.215,36.29,4
49,Zamora,2013,47.445,26.165,35.0325,4
49,Zamora,2014,51.3525,26.2725,37.855000000000004,4
49,Zamora,2015,51.305,21.9275,40.019999999999996,4
49,Zamora,2016,51.5325,18.887500000000003,41.815,4
49,Zamora,2017,52.555,16.252499999999998,44.0125,4
49,Zamora,2018,50.765,17.12,42.082499999999996,4
49,Zamora,2019,49.980000000000004,14.05,42.962500000000006,4
49,Zamora,2020,49.510000000000005,13.185,42.99,4
49,Zamora,2021,50.065,11.24,44.45,4
49,Zamora,2022,49.9725,12.385,43.7775,4
49,Zamora,2023,50.8,13.6375,43.8675,4
49,Zamora,2024,53.245,12.879999999999999,46.385,4
49,Zamora,2025,52.1875,10.6775,46.615,4
49,Zamora,2026,51.6,10.36,46.26,1
50,Zaragoza,2002,52.5225,6.175,49.275,4
50,Zaragoza,2003,54.73,7.5275,50.6075,4
50,Zaragoza,2004,56.19,5.8825,52.8875,4
50,Zaragoza,2005,58.152499999999996,5.8475,54.7475,4
50,Zaragoza,2006,58.1425,5.779999999999999,54.785,4
50,Zaragoza,2007,60.9075,5.6975,57.4425,4
50,Zaragoza,2008,60.6225,7.85,55.8575,4
50,Zaragoza,2009,60.1525,13.955,51.7575,4
50,Zaragoza,2010,59.5825,15.8025,50.167500000000004,4
50,Zaragoza,2011,59.49,18.310000000000002,48.595,4
50,Zaragoza,2012,60.865,19.92,48.7375,4
50,Zaragoza,2013,60.39,22.515,46.79,4
50,Zaragoza,2014,59.86,20.85,47.3725,4
50,Zaragoza,2015,59.0325,16.605,49.23,4
50,Zaragoza,2016,59.97,15.4125,50.7275,4
50,Zaragoza,2017,59.19,12.17,51.985,4
50,Zaragoza,2018,59.1825,11.08,52.6225,4
50,Zaragoza,2019,59.557500000000005,10.287500000000001,53.43,4
50,Zaragoza,2020,58.5175,12.0625,51.46,4
50,Zaragoza,2021,58.545,11.235,51.975,4
50,Zaragoza,2022,59.197500000000005,9.76,53.4225,4
50,Zaragoza,2023,59.165,8.4975,54.1375,4
50,Zaragoza,2024,58.575,8.045,53.865,4
50,Zaragoza,2025,58.2575,8.4275,53.345,4
50,Zaragoza,2026,59.1,8.99,53.79,1
51,Ceuta,2002,45.01,7.025,41.8475,4
51,Ceuta,2003,49.644999999999996,9.46,44.945,4
51,Ceuta,2004,48.6125,10.8525,43.2925,4
51,Ceuta,2005,59.542500000000004,19.44,47.9875,4
51,Ceuta,2006,53.795,21.224999999999998,42.22,4
51,Ceuta,2007,53.5325,21.005,42.292500000000004,4
51,Ceuta,2008,56.445,17.45,46.6,4
51,Ceuta,2009,57.6725,18.6325,46.9925,4
51,Ceuta,2010,56.625,23.919999999999998,43.08,4
51,Ceuta,2011,57.525,27.745,41.5925,4
51,Ceuta,2012,59.4975,37.019999999999996,37.4675,4
51,Ceuta,2013,60.3325,34.79,39.31,4
51,Ceuta,2014,58.912499999999994,31.8425,40.1475,4
51,Ceuta,2015,57.32,27.5475,41.485,4
51,Ceuta,2016,57.425,24.880000000000003,43.1175,4
51,Ceuta,2017,55.7875,22.37,43.265,4
51,Ceuta,2018,58.7925,28.927500000000002,41.7375,4
51,Ceuta,2019,58.08,25.814999999999998,43.0675,4
51,Ceuta,2020,56.3725,24.5175,42.55,4
51,Ceuta,2021,55.555,30.85,38.415,4
51,Ceuta,2022,61.0925,29.8525,42.822500000000005,4
51,Ceuta,2023,61.905,29.98,43.3525,4
51,Ceuta,2024,60.46,27.4075,43.86,4
51,Ceuta,2025,61.112500000000004,24.3575,46.26,4
51,Ceuta,2026,65.91,26.1,48.71,1
52,Melilla,2002,47.8275,4.220000000000001,45.7675,4
52,Melilla,2003,49.4,8.355,44.945,4
52,Melilla,2004,56.2675,17.5875,46.300000000000004,4
52,Melilla,2005,52.2025,14.2575,44.73,4
52,Melilla,2006,54.115,13.602500000000001,46.7475,4
52,Melilla,2007,55.785000000000004,18.1725,45.6325,4
52,Melilla,2008,55.1225,19.892500000000002,44.095,4
52,Melilla,2009,54.1925,23.4675,41.45,4
52,Melilla,2010,54.1175,22.7725,41.7975,4
52,Melilla,2011,56.5975,22.4075,43.93,4
52,Melilla,2012,56.8725,26.8575,41.5625,4
52,Melilla,2013,59.15,32.4075,39.9125,4
52,Melilla,2014,55.26,28.4,39.585,4
52,Melilla,2015,57.2575,33.9475,37.815,4
52,Melilla,2016,58.55,30.7775,40.542500000000004,4
52,Melilla,2017,59.7275,27.615000000000002,43.2475,4
52,Melilla,2018,62.8225,25.765,46.635,4
52,Melilla,2019,60.4675,26.9825,44.1725,4
52,Melilla,2020,62.2425,23.6075,47.5425,4
52,Melilla,2021,60.9375,25.345,45.46,4
52,Melilla,2022,58.5575,25.9025,43.3625,4
52,Melilla,2023,55.6,26.6325,40.7975,4
52,Melilla,2024,58.8675,28.314999999999998,42.19,4
52,Melilla,2025,54.894999999999996,24.817500000000003,41.25,4
52,Melilla,2026,51,21.42,40.08,1
