cod_provincia,provincia,anio,numero_hipotecas_vivienda,importe_total_hipotecas_vivienda_miles_eur,meses_disponibles,importe_medio_hipoteca_eur
01,Araba/Álava,2003,4604,530840,12,115299.7393570808
01,Araba/Álava,2004,4704,587409,12,124874.36224489796
01,Araba/Álava,2005,5970,750549,12,125720.10050251256
01,Araba/Álava,2006,6557,961966,12,146708.25072441666
01,Araba/Álava,2007,7486,1011792,12,135157.8947368421
01,Araba/Álava,2008,5789,846181,12,146170.49576783556
01,Araba/Álava,2009,6113,751942,12,123007.03418943235
01,Araba/Álava,2010,7743,874731,12,112970.55404881829
01,Araba/Álava,2011,5864,675078,12,115122.44201909959
01,Araba/Álava,2012,4825,587128,12,121684.55958549223
01,Araba/Álava,2013,3293,347617,12,105562.40510173094
01,Araba/Álava,2014,1596,171177,12,107253.75939849624
01,Araba/Álava,2015,2039,196443,12,96342.81510544385
01,Araba/Álava,2016,1836,200673,12,109299.01960784313
01,Araba/Álava,2017,2915,304693,12,104525.90051457976
01,Araba/Álava,2018,2645,314012,12,118719.09262759924
01,Araba/Álava,2019,2974,371183,12,124809.3476798924
01,Araba/Álava,2020,3284,393562,12,119842.26552984165
01,Araba/Álava,2021,3309,451468,12,136436.3856149894
01,Araba/Álava,2022,3907,538703,12,137881.49475300743
01,Araba/Álava,2023,2799,403152,12,144034.2979635584
01,Araba/Álava,2024,3278,465123,12,141892.31238560096
01,Araba/Álava,2025,4262,634579,12,148892.30408259033
01,Araba/Álava,2026,769,111697,2,145249.67490247075
02,Albacete,2003,5875,439067,12,74734.8085106383
02,Albacete,2004,6771,575071,12,84931.47245606262
02,Albacete,2005,8059,749522,12,93004.34297059188
02,Albacete,2006,9533,1052733,12,110430.39966432392
02,Albacete,2007,9700,1205726,12,124301.64948453609
02,Albacete,2008,6637,801400,12,120747.32559891517
02,Albacete,2009,4234,448756,12,105988.66320264526
02,Albacete,2010,4836,536088,12,110853.59801488834
02,Albacete,2011,2534,240669,12,94975.92738752959
02,Albacete,2012,1727,144432,12,83631.73132599884
02,Albacete,2013,1241,102375,12,82493.95648670426
02,Albacete,2014,1226,95806,12,78145.18760195759
02,Albacete,2015,1483,120533,12,81276.46662171274
02,Albacete,2016,1924,172070,12,89433.47193347193
02,Albacete,2017,2252,204848,12,90962.6998223801
02,Albacete,2018,2185,188309,12,86182.60869565218
02,Albacete,2019,2705,261687,12,96741.95933456562
02,Albacete,2020,2227,202959,12,91135.60844185002
02,Albacete,2021,2624,258576,12,98542.68292682926
02,Albacete,2022,2943,304569,12,103489.29663608562
02,Albacete,2023,2363,238538,12,100947.10114261531
02,Albacete,2024,2391,235514,12,98500.20911752405
02,Albacete,2025,3241,355197,12,109594.8781240358
02,Albacete,2026,501,56724,2,113221.55688622754
03,Alicante/Alacant,2003,57615,4683926,12,81296.98863143279
03,Alicante/Alacant,2004,64692,5975669,12,92371.06597415445
03,Alicante/Alacant,2005,74219,7977506,12,107486.03457335723
03,Alicante/Alacant,2006,80664,9513932,12,117945.20480015868
03,Alicante/Alacant,2007,71590,8997698,12,125683.7267774829
03,Alicante/Alacant,2008,40612,4786101,12,117849.42874027381
03,Alicante/Alacant,2009,33501,3139828,12,93723.41124145548
03,Alicante/Alacant,2010,26919,2452213,12,91095.99167873993
03,Alicante/Alacant,2011,16584,1434698,12,86510.97443318862
03,Alicante/Alacant,2012,11143,912857,12,81922.01382033563
03,Alicante/Alacant,2013,8232,644698,12,78316.08357628765
03,Alicante/Alacant,2014,8747,687072,12,78549.44552417973
03,Alicante/Alacant,2015,10284,843255,12,81996.79113185531
03,Alicante/Alacant,2016,11908,999877,12,83966.82902250587
03,Alicante/Alacant,2017,13175,1141220,12,86620.11385199241
03,Alicante/Alacant,2018,15122,1411820,12,93361.98915487369
03,Alicante/Alacant,2019,16348,1575254,12,96357.59725960362
03,Alicante/Alacant,2020,14046,1387080,12,98752.6697992311
03,Alicante/Alacant,2021,17810,1826238,12,102540.0336889388
03,Alicante/Alacant,2022,19582,2071125,12,105766.77561025432
03,Alicante/Alacant,2023,16789,1813394,12,108010.84043123474
03,Alicante/Alacant,2024,19241,2184257,12,113520.97084351126
03,Alicante/Alacant,2025,23767,3073226,12,129306.43328985569
03,Alicante/Alacant,2026,4110,551077,2,134081.99513381996
04,Almería,2003,21162,1734883,12,81981.0509403648
04,Almería,2004,27401,2580119,12,94161.49045655268
04,Almería,2005,32886,3684574,12,112040.80763850879
04,Almería,2006,37759,4800431,12,127133.42514367435
04,Almería,2007,35419,4852699,12,137008.35709647366
04,Almería,2008,17769,2260911,12,127239.06803984467
04,Almería,2009,12889,1202496,12,93296.29916983475
04,Almería,2010,11797,999030,12,84685.08942951598
04,Almería,2011,8040,656336,12,81633.83084577114
04,Almería,2012,5617,410484,12,73078.86772298379
04,Almería,2013,4061,302782,12,74558.48313223344
04,Almería,2014,3571,261364,12,73190.70288434612
04,Almería,2015,3838,304456,12,79326.73267326732
04,Almería,2016,4286,349418,12,81525.43163789081
04,Almería,2017,4906,389458,12,79384.01956787606
04,Almería,2018,5365,434175,12,80927.3066169618
04,Almería,2019,6062,533895,12,88072.41834378093
04,Almería,2020,5930,827805,12,139596.12141652615
04,Almería,2021,8049,722584,12,89773.13952043733
04,Almería,2022,8844,831128,12,93976.48123021258
04,Almería,2023,7092,669250,12,94366.89227298365
04,Almería,2024,7531,714784,12,94912.22945160005
04,Almería,2025,9529,1063563,12,111613.2857592612
04,Almería,2026,1499,173570,2,115790.52701801201
05,Ávila,2003,1935,138341,12,71494.05684754522
05,Ávila,2004,2022,160813,12,79531.6518298714
05,Ávila,2005,3261,309523,12,94916.59000306655
05,Ávila,2006,3799,414358,12,109070.2816530666
05,Ávila,2007,3924,452346,12,115276.75840978594
05,Ávila,2008,4249,528057,12,124277.94775241234
05,Ávila,2009,2822,305786,12,108357.90219702339
05,Ávila,2010,2361,270574,12,114601.4400677679
05,Ávila,2011,1681,154717,12,92038.66745984532
05,Ávila,2012,1033,106250,12,102855.75992255566
05,Ávila,2013,715,58443,12,81738.46153846153
05,Ávila,2014,433,31572,12,72914.54965357967
05,Ávila,2015,508,40578,12,79877.95275590551
05,Ávila,2016,550,40710,12,74018.18181818182
05,Ávila,2017,579,46113,12,79642.48704663213
05,Ávila,2018,647,52986,12,81894.89953632148
05,Ávila,2019,703,55359,12,78746.79943100996
05,Ávila,2020,708,52767,12,74529.66101694915
05,Ávila,2021,908,72902,12,80288.5462555066
05,Ávila,2022,930,81345,12,87467.74193548386
05,Ávila,2023,805,67640,12,84024.8447204969
05,Ávila,2024,932,84728,12,90909.8712446352
05,Ávila,2025,1240,120963,12,97550.80645161291
05,Ávila,2026,243,27161,2,111773.66255144033
06,Badajoz,2003,9454,573698,12,60683.09710175587
06,Badajoz,2004,9126,611398,12,66995.17861056322
06,Badajoz,2005,12207,949695,12,77799.21356598673
06,Badajoz,2006,14149,1283107,12,90685.3487879002
06,Badajoz,2007,16010,1428629,12,89233.54153653966
06,Badajoz,2008,11755,1132184,12,96315.0999574649
06,Badajoz,2009,8517,758923,12,89106.84513326289
06,Badajoz,2010,8085,748399,12,92566.35745207174
06,Badajoz,2011,5164,425578,12,82412.4709527498
06,Badajoz,2012,3127,228794,12,73167.25295810681
06,Badajoz,2013,2143,160777,12,75024.26504899673
06,Badajoz,2014,2358,162337,12,68845.20780322306
06,Badajoz,2015,2765,190857,12,69026.0397830018
06,Badajoz,2016,3284,238494,12,72623.02070645554
06,Badajoz,2017,3334,244046,12,73199.1601679664
06,Badajoz,2018,3554,281538,12,79217.22003376477
06,Badajoz,2019,3792,297937,12,78569.88396624473
06,Badajoz,2020,3871,318214,12,82204.5982950142
06,Badajoz,2021,5027,421524,12,83851.9992042968
06,Badajoz,2022,5142,445439,12,86627.57681835862
06,Badajoz,2023,4260,373395,12,87651.40845070423
06,Badajoz,2024,4562,402605,12,88251.86321788689
06,Badajoz,2025,6040,571468,12,94613.90728476821
06,Badajoz,2026,990,105554,2,106620.20202020202
07,"Balears, Illes",2003,24916,2660869,12,106793.5864504736
07,"Balears, Illes",2004,29884,3649781,12,122131.6088876991
07,"Balears, Illes",2005,36554,5076381,12,138873.47485911255
07,"Balears, Illes",2006,38093,5987999,12,157194.20890977344
07,"Balears, Illes",2007,35025,6083362,12,173686.2812276945
07,"Balears, Illes",2008,20969,3437428,12,163929.0381038676
07,"Balears, Illes",2009,18249,2384814,12,130681.90037810292
07,"Balears, Illes",2010,17318,2059224,12,118906.57119759788
07,"Balears, Illes",2011,12554,1415916,12,112786.04428867293
07,"Balears, Illes",2012,9037,975209,12,107912.91357751466
07,"Balears, Illes",2013,5939,697895,12,117510.52365718134
07,"Balears, Illes",2014,5871,689008,12,117357.86067109522
07,"Balears, Illes",2015,8334,976793,12,117205.78353731701
07,"Balears, Illes",2016,9418,1305194,12,138585.04990443832
07,"Balears, Illes",2017,10128,1610125,12,158977.5868878357
07,"Balears, Illes",2018,10434,1802385,12,172741.51811385853
07,"Balears, Illes",2019,10032,1724314,12,171881.37958532694
07,"Balears, Illes",2020,9463,1587519,12,167760.646729367
07,"Balears, Illes",2021,9222,1909554,12,207065.06180871828
07,"Balears, Illes",2022,11447,2692544,12,235218.3104743601
07,"Balears, Illes",2023,8958,2185386,12,243959.1426657736
07,"Balears, Illes",2024,10045,2450140,12,243916.37630662022
07,"Balears, Illes",2025,11329,3204440,12,282852.8555035749
07,"Balears, Illes",2026,1884,573468,2,304388.53503184713
08,Barcelona,2003,138065,16354611,12,118455.87947705791
08,Barcelona,2004,148503,19718727,12,132783.3579119614
08,Barcelona,2005,157650,24239983,12,153758.2175705677
08,Barcelona,2006,164464,29586044,12,179893.73966339137
08,Barcelona,2007,126288,24663121,12,195292.67230457367
08,Barcelona,2008,81783,14304941,12,174913.3805314063
08,Barcelona,2009,62189,8367877,12,134555.5805689109
08,Barcelona,2010,65071,8926539,12,137181.52479599207
08,Barcelona,2011,43849,5754799,12,131241.28258341126
08,Barcelona,2012,28868,3297612,12,114230.70527920188
08,Barcelona,2013,20368,2406668,12,118159.26944226238
08,Barcelona,2014,21956,2687495,12,122403.67097832028
08,Barcelona,2015,28040,3655539,12,130368.72325249643
08,Barcelona,2016,33170,4546281,12,137060.02411817908
08,Barcelona,2017,38311,5797229,12,151320.2213463496
08,Barcelona,2018,44391,6940355,12,156345.9935572526
08,Barcelona,2019,44029,7190580,12,163314.63353698698
08,Barcelona,2020,41221,8358244,12,202766.64806773246
08,Barcelona,2021,51855,9116646,12,175810.35579982644
08,Barcelona,2022,59044,10926286,12,185053.2822979473
08,Barcelona,2023,47692,8301066,12,174055.73261762978
08,Barcelona,2024,54109,9630635,12,177985.82490898002
08,Barcelona,2025,63734,12588301,12,197513.1170176044
08,Barcelona,2026,11474,2330695,2,203128.3772006275
09,Burgos,2003,7769,742046,12,95513.70832797013
09,Burgos,2004,7723,807503,12,104558.20277094393
09,Burgos,2005,7340,864140,12,117730.24523160762
09,Burgos,2006,8179,1061322,12,129761.82907445898
09,Burgos,2007,8572,1176737,12,137276.8315445637
09,Burgos,2008,7493,978175,12,130545.17549713065
09,Burgos,2009,6543,757141,12,115717.71358703959
09,Burgos,2010,5288,620849,12,117407.1482602118
09,Burgos,2011,3490,378676,12,108503.15186246419
09,Burgos,2012,2471,246236,12,99650.34399028734
09,Burgos,2013,1591,154233,12,96940.9176618479
09,Burgos,2014,1796,162743,12,90614.1425389755
09,Burgos,2015,1895,168067,12,88689.70976253298
09,Burgos,2016,2050,192000,12,93658.53658536586
09,Burgos,2017,2313,210510,12,91011.67315175098
09,Burgos,2018,2403,233879,12,97327.92342904702
09,Burgos,2019,2636,251733,12,95498.10318664643
09,Burgos,2020,2242,237835,12,106081.62355040143
09,Burgos,2021,2982,307025,12,102959.42320590207
09,Burgos,2022,3374,360428,12,106825.13337285121
09,Burgos,2023,2728,283562,12,103945.0146627566
09,Burgos,2024,2930,313847,12,107115.01706484641
09,Burgos,2025,3687,415668,12,112738.81204231082
09,Burgos,2026,481,53828,2,111908.52390852392
10,Cáceres,2003,5541,363167,12,65541.77946219094
10,Cáceres,2004,6089,438657,12,72040.89341435375
10,Cáceres,2005,6205,495588,12,79869.13779210314
10,Cáceres,2006,5980,523928,12,87613.37792642141
10,Cáceres,2007,7020,671262,12,95621.36752136752
10,Cáceres,2008,6101,626220,12,102642.18980495
10,Cáceres,2009,5003,524229,12,104782.93024185489
10,Cáceres,2010,4654,404014,12,86810.0558659218
10,Cáceres,2011,3002,238794,12,79544.97001998668
10,Cáceres,2012,1751,133855,12,76444.88863506568
10,Cáceres,2013,1111,78526,12,70680.46804680469
10,Cáceres,2014,1353,95209,12,70368.81005173689
10,Cáceres,2015,1351,97798,12,72389.34122871947
10,Cáceres,2016,1498,113497,12,75765.6875834446
10,Cáceres,2017,1606,120328,12,74924.03486924035
10,Cáceres,2018,1810,142465,12,78709.94475138122
10,Cáceres,2019,1771,139281,12,78645.39808018069
10,Cáceres,2020,2078,166632,12,80188.64292589028
10,Cáceres,2021,2404,202692,12,84314.4758735441
10,Cáceres,2022,2531,238090,12,94069.5377321217
10,Cáceres,2023,1996,173606,12,86976.95390781564
10,Cáceres,2024,2518,236866,12,94069.10246227165
10,Cáceres,2025,2909,263131,12,90454.10794087315
10,Cáceres,2026,466,46306,2,99369.09871244636
11,Cádiz,2003,26124,1968883,12,75366.82743837085
11,Cádiz,2004,28319,2451343,12,86561.77831138106
11,Cádiz,2005,35865,3845668,12,107226.20939634742
11,Cádiz,2006,39605,4751561,12,119973.76593864411
11,Cádiz,2007,35634,4925448,12,138223.26991075938
11,Cádiz,2008,21919,2863159,12,130624.52666636252
11,Cádiz,2009,18144,2015201,12,111067.07451499118
11,Cádiz,2010,15510,1619638,12,104425.4029658285
11,Cádiz,2011,12086,1144371,12,94685.66936951845
11,Cádiz,2012,7911,715654,12,90463.15257236759
11,Cádiz,2013,5465,435117,12,79618.8472095151
11,Cádiz,2014,5316,452403,12,85102.14446952596
11,Cádiz,2015,6450,549041,12,85122.63565891473
11,Cádiz,2016,7958,694153,12,87227.06710228701
11,Cádiz,2017,8527,805682,12,94485.98569250616
11,Cádiz,2018,9167,887241,12,96786.40776699029
11,Cádiz,2019,9741,946578,12,97174.62272867262
11,Cádiz,2020,9208,932834,12,101306.90703735882
11,Cádiz,2021,12683,1354457,12,106793.10888591027
11,Cádiz,2022,13333,1526126,12,114462.31155778894
11,Cádiz,2023,11241,1290288,12,114784.09394182012
11,Cádiz,2024,12047,1454794,12,120759.85722586536
11,Cádiz,2025,13896,1940604,12,139651.98618307427
11,Cádiz,2026,2389,401883,2,168222.2687316869
12,Castellón/Castelló,2003,16646,1446020,12,86868.91745764748
12,Castellón/Castelló,2004,17667,1773299,12,100373.52125431596
12,Castellón/Castelló,2005,20133,2296593,12,114071.07733571748
12,Castellón/Castelló,2006,21579,2763683,12,128072.8022614579
12,Castellón/Castelló,2007,25910,3568735,12,137735.8162871478
12,Castellón/Castelló,2008,15740,2058956,12,130810.41931385007
12,Castellón/Castelló,2009,11532,1194760,12,103603.88484217829
12,Castellón/Castelló,2010,8291,754637,12,91018.81558316246
12,Castellón/Castelló,2011,5668,482530,12,85132.32180663373
12,Castellón/Castelló,2012,3966,290446,12,73233.98890569844
12,Castellón/Castelló,2013,2612,196931,12,75394.71669218989
12,Castellón/Castelló,2014,2775,207131,12,74641.8018018018
12,Castellón/Castelló,2015,3139,231526,12,73757.88467664861
12,Castellón/Castelló,2016,3441,254830,12,74056.96018599244
12,Castellón/Castelló,2017,3534,269085,12,76141.76570458405
12,Castellón/Castelló,2018,3989,304026,12,76216.09425921284
12,Castellón/Castelló,2019,4247,326646,12,76912.17329879916
12,Castellón/Castelló,2020,4811,341763,12,71037.8299729786
12,Castellón/Castelló,2021,5570,475018,12,85281.50807899461
12,Castellón/Castelló,2022,6136,517315,12,84308.1812255541
12,Castellón/Castelló,2023,5273,455950,12,86468.80333775839
12,Castellón/Castelló,2024,6101,548052,12,89829.86395672841
12,Castellón/Castelló,2025,8090,823740,12,101822.00247218789
12,Castellón/Castelló,2026,1303,145687,2,111808.90253261704
13,Ciudad Real,2003,6676,471112,12,70568.0047932894
13,Ciudad Real,2004,7431,584529,12,78660.8800968914
13,Ciudad Real,2005,8718,790855,12,90715.18696948841
13,Ciudad Real,2006,11940,1239048,12,103772.86432160804
13,Ciudad Real,2007,11475,1236057,12,107717.38562091504
13,Ciudad Real,2008,9346,974227,12,104239.99572009416
13,Ciudad Real,2009,5160,474600,12,91976.74418604652
13,Ciudad Real,2010,4561,430079,12,94294.89147116861
13,Ciudad Real,2011,2820,249539,12,88489.00709219858
13,Ciudad Real,2012,1995,157391,12,78892.73182957394
13,Ciudad Real,2013,1456,109898,12,75479.3956043956
13,Ciudad Real,2014,1447,98097,12,67793.36558396682
13,Ciudad Real,2015,1568,107858,12,68786.98979591837
13,Ciudad Real,2016,1678,122291,12,72879.02264600716
13,Ciudad Real,2017,1815,141893,12,78177.96143250688
13,Ciudad Real,2018,1943,147804,12,76069.99485331961
13,Ciudad Real,2019,2237,174391,12,77957.53240947697
13,Ciudad Real,2020,1899,152005,12,80044.76040021064
13,Ciudad Real,2021,2740,218502,12,79745.25547445256
13,Ciudad Real,2022,2783,225405,12,80993.53215954006
13,Ciudad Real,2023,2406,198427,12,82471.73732335828
13,Ciudad Real,2024,2934,228603,12,77915.13292433538
13,Ciudad Real,2025,4082,355444,12,87075.94316511514
13,Ciudad Real,2026,638,61335,2,96136.36363636363
14,Córdoba,2003,11732,822896,12,70141.15240368224
14,Córdoba,2004,12804,1091322,12,85232.89597000937
14,Córdoba,2005,15989,1435910,12,89806.11670523485
14,Córdoba,2006,18871,2086465,12,110564.62296645647
14,Córdoba,2007,17326,2072502,12,119618.0307052984
14,Córdoba,2008,10515,1126147,12,107099.09652876842
14,Córdoba,2009,8698,826983,12,95077.37410899057
14,Córdoba,2010,8114,776805,12,95736.38156273108
14,Córdoba,2011,5947,546433,12,91883.80696149319
14,Córdoba,2012,4118,353861,12,85930.30597377368
14,Córdoba,2013,3482,291667,12,83764.21596783458
14,Córdoba,2014,2925,242639,12,82953.50427350428
14,Córdoba,2015,3650,293084,12,80296.98630136986
14,Córdoba,2016,4521,392035,12,86714.22251714223
14,Córdoba,2017,4671,389858,12,83463.49818026119
14,Córdoba,2018,5029,461965,12,91860.21077749056
14,Córdoba,2019,5282,505053,12,95617.75842483908
14,Córdoba,2020,4878,505530,12,103634.68634686347
14,Córdoba,2021,6527,662944,12,101569.48061896737
14,Córdoba,2022,6679,667015,12,99867.49513400209
14,Córdoba,2023,5764,618408,12,107287.9944482998
14,Córdoba,2024,6415,717788,12,111892.1278254092
14,Córdoba,2025,7197,797919,12,110868.2784493539
14,Córdoba,2026,1228,144834,2,117942.996742671
15,"Coruña, A",2003,18367,1543393,12,84030.7616921653
15,"Coruña, A",2004,18617,1677121,12,90085.45952623946
15,"Coruña, A",2005,19023,1908332,12,100317.0898386164
15,"Coruña, A",2006,18207,2032272,12,111620.36579337617
15,"Coruña, A",2007,17655,2167639,12,122777.62673463608
15,"Coruña, A",2008,16312,1822739,12,111742.21432074546
15,"Coruña, A",2009,14642,1580928,12,107972.13495424122
15,"Coruña, A",2010,13724,1459280,12,106330.51588458175
15,"Coruña, A",2011,8852,887117,12,100216.56122910077
15,"Coruña, A",2012,5456,491605,12,90103.55571847508
15,"Coruña, A",2013,4094,391389,12,95600.63507572057
15,"Coruña, A",2014,4156,379089,12,91214.87006737247
15,"Coruña, A",2015,4633,450220,12,97176.77530757608
15,"Coruña, A",2016,4419,424718,12,96111.78999773704
15,"Coruña, A",2017,5047,503447,12,99751.73370319001
15,"Coruña, A",2018,5349,536624,12,100322.3032342494
15,"Coruña, A",2019,5399,546715,12,101262.2707908872
15,"Coruña, A",2020,5172,548150,12,105984.14539829853
15,"Coruña, A",2021,6464,718356,12,111131.80693069307
15,"Coruña, A",2022,7396,863587,12,116764.06165494861
15,"Coruña, A",2023,5532,651195,12,117714.2082429501
15,"Coruña, A",2024,7125,869921,12,122094.17543859649
15,"Coruña, A",2025,9147,1134745,12,124056.52126380234
15,"Coruña, A",2026,1522,236287,2,155247.70039421815
16,Cuenca,2003,2897,215403,12,74353.81429064549
16,Cuenca,2004,3486,290769,12,83410.49913941481
16,Cuenca,2005,3567,318207,12,89208.57863751051
16,Cuenca,2006,4113,447533,12,108809.38487721857
16,Cuenca,2007,5376,634905,12,118099.88839285714
16,Cuenca,2008,3518,425029,12,120815.52018192154
16,Cuenca,2009,2424,262085,12,108120.87458745875
16,Cuenca,2010,1634,155905,12,95413.09669522644
16,Cuenca,2011,1189,113045,12,95075.69386038688
16,Cuenca,2012,683,58252,12,85288.43338213763
16,Cuenca,2013,591,45571,12,77108.2910321489
16,Cuenca,2014,559,43125,12,77146.69051878354
16,Cuenca,2015,665,47913,12,72049.62406015038
16,Cuenca,2016,735,55614,12,75665.30612244898
16,Cuenca,2017,846,65271,12,77152.48226950354
16,Cuenca,2018,846,64691,12,76466.90307328606
16,Cuenca,2019,862,63989,12,74233.17865429234
16,Cuenca,2020,849,63792,12,75137.80918727916
16,Cuenca,2021,1082,86447,12,79895.56377079482
16,Cuenca,2022,1126,92176,12,81861.45648312611
16,Cuenca,2023,945,73945,12,78248.67724867725
16,Cuenca,2024,1244,125580,12,100948.55305466238
16,Cuenca,2025,1339,129215,12,96501.12023898432
16,Cuenca,2026,256,29054,2,113492.1875
17,Girona,2003,24795,2469402,12,99592.74047186933
17,Girona,2004,27473,3203888,12,116619.51734430168
17,Girona,2005,29915,4137998,12,138325.1880327595
17,Girona,2006,32520,5349515,12,164499.2312423124
17,Girona,2007,27714,5012402,12,180861.73053330448
17,Girona,2008,15719,2499527,12,159013.1051593613
17,Girona,2009,14477,1785326,12,123321.54451889204
17,Girona,2010,12710,1533380,12,120643.58772619984
17,Girona,2011,8452,1007728,12,119229.53147184098
17,Girona,2012,6212,644671,12,103778.33226014166
17,Girona,2013,4338,438704,12,101130.47487321346
17,Girona,2014,3989,414835,12,103994.73552268739
17,Girona,2015,4638,498533,12,107488.78827080638
17,Girona,2016,5900,667876,12,113199.32203389831
17,Girona,2017,5538,674993,12,121883.89310220296
17,Girona,2018,5845,728777,12,124683.83233532934
17,Girona,2019,6265,778289,12,124228.09257781325
17,Girona,2020,5536,757739,12,136874.81936416184
17,Girona,2021,7494,1055214,12,140807.84627702163
17,Girona,2022,9056,1339556,12,147919.1696113074
17,Girona,2023,7303,1058490,12,144939.0661372039
17,Girona,2024,7379,1107799,12,150128.60821249493
17,Girona,2025,9220,1602150,12,173768.98047722343
17,Girona,2026,1727,297761,2,172415.1708164447
18,Granada,2003,13769,1095584,12,79568.88662938486
18,Granada,2004,17938,1680410,12,93678.78247296243
18,Granada,2005,21098,2241344,12,106234.90378234904
18,Granada,2006,23119,2731247,12,118138.6305636057
18,Granada,2007,23708,3061476,12,129132.61346380968
18,Granada,2008,15220,1847437,12,121382.19448094613
18,Granada,2009,11994,1169503,12,97507.33700183425
18,Granada,2010,11049,1001844,12,90672.82106978007
18,Granada,2011,7781,668811,12,85954.37604421025
18,Granada,2012,5210,459475,12,88190.97888675623
18,Granada,2013,3796,310430,12,81778.1875658588
18,Granada,2014,3558,283082,12,79562.11354693648
18,Granada,2015,4799,390449,12,81360.49176911857
18,Granada,2016,5785,485480,12,83920.48401037166
18,Granada,2017,6796,598110,12,88009.12301353738
18,Granada,2018,6874,635650,12,92471.63223741636
18,Granada,2019,6868,639429,12,93102.64997087944
18,Granada,2020,6153,596396,12,96927.6775556639
18,Granada,2021,8353,849709,12,101725.00897881
18,Granada,2022,8697,938503,12,107911.11877658963
18,Granada,2023,7238,762885,12,105399.97236805747
18,Granada,2024,8481,951425,12,112183.1151986794
18,Granada,2025,9826,1229384,12,125115.40810095664
18,Granada,2026,1927,240998,2,125063.82978723405
19,Guadalajara,2003,6560,657458,12,100222.25609756098
19,Guadalajara,2004,7305,879559,12,120405.0650239562
19,Guadalajara,2005,8827,1223373,12,138594.42619236434
19,Guadalajara,2006,9021,1417954,12,157183.68251856777
19,Guadalajara,2007,9806,1607976,12,163978.78849683868
19,Guadalajara,2008,6122,917201,12,149820.48350212348
19,Guadalajara,2009,4121,509055,12,123527.05653967484
19,Guadalajara,2010,3260,400906,12,122977.30061349693
19,Guadalajara,2011,2486,279443,12,112406.67739340306
19,Guadalajara,2012,1924,192163,12,99876.81912681913
19,Guadalajara,2013,982,85296,12,86859.47046843177
19,Guadalajara,2014,1222,105708,12,86504.09165302782
19,Guadalajara,2015,1381,116432,12,84309.92034757423
19,Guadalajara,2016,1728,156924,12,90812.5
19,Guadalajara,2017,2040,194816,12,95498.03921568628
19,Guadalajara,2018,2762,290205,12,105070.60101375815
19,Guadalajara,2019,2790,292371,12,104792.47311827957
19,Guadalajara,2020,2536,276714,12,109114.35331230283
19,Guadalajara,2021,3398,391769,12,115293.99646851089
19,Guadalajara,2022,3264,395324,12,121116.42156862745
19,Guadalajara,2023,3491,425477,12,121878.25837868806
19,Guadalajara,2024,3331,421122,12,126425.0975682978
19,Guadalajara,2025,4184,599850,12,143367.59082217974
19,Guadalajara,2026,761,119143,2,156561.1038107753
20,Gipuzkoa,2003,12344,1440248,12,116675.95593000649
20,Gipuzkoa,2004,11953,1567189,12,131112.6077135447
20,Gipuzkoa,2005,11955,1769152,12,147984.27436219156
20,Gipuzkoa,2006,13025,2067224,12,158712.01535508636
20,Gipuzkoa,2007,11265,1953825,12,173442.07723035951
20,Gipuzkoa,2008,9594,1614629,12,168295.7056493642
20,Gipuzkoa,2009,8182,1255406,12,153435.10144219018
20,Gipuzkoa,2010,8456,1351405,12,159816.10690633868
20,Gipuzkoa,2011,6670,1017841,12,152599.8500749625
20,Gipuzkoa,2012,5666,773660,12,136544.29932933286
20,Gipuzkoa,2013,3863,509699,12,131943.82604193632
20,Gipuzkoa,2014,4036,507641,12,125778.24578790882
20,Gipuzkoa,2015,4885,699335,12,143159.6724667349
20,Gipuzkoa,2016,5142,721635,12,140341.30688448076
20,Gipuzkoa,2017,5261,764567,12,145327.31419882152
20,Gipuzkoa,2018,5954,909427,12,152742.1901242862
20,Gipuzkoa,2019,6478,1008176,12,155630.75023155296
20,Gipuzkoa,2020,6469,998767,12,154392.79641366517
20,Gipuzkoa,2021,6597,1121455,12,169994.6945581325
20,Gipuzkoa,2022,7210,1231756,12,170839.9445214979
20,Gipuzkoa,2023,6416,1131823,12,176406.32793017456
20,Gipuzkoa,2024,6838,1156602,12,169143.31675928633
20,Gipuzkoa,2025,7676,1423377,12,185432.12610734758
20,Gipuzkoa,2026,1254,253638,2,202263.15789473685
21,Huelva,2003,14311,1067520,12,74594.36796869541
21,Huelva,2004,16181,1349638,12,83408.81280514183
21,Huelva,2005,17515,1706544,12,97433.28575506709
21,Huelva,2006,18977,2190107,12,115408.49449333403
21,Huelva,2007,19688,2518899,12,127940.8268996343
21,Huelva,2008,11945,1473740,12,123377.14524905819
21,Huelva,2009,8084,789895,12,97710.91044037606
21,Huelva,2010,7811,704083,12,90139.93086672641
21,Huelva,2011,5646,477741,12,84615.83421891605
21,Huelva,2012,4095,337534,12,82425.88522588523
21,Huelva,2013,2823,190240,12,67389.30216082183
21,Huelva,2014,2563,197555,12,77079.59422551698
21,Huelva,2015,3098,232591,12,75077.79212395093
21,Huelva,2016,3416,256983,12,75229.21545667447
21,Huelva,2017,3366,260756,12,77467.61734997029
21,Huelva,2018,3719,302210,12,81261.09169131487
21,Huelva,2019,4314,353170,12,81866.01761706073
21,Huelva,2020,3531,279498,12,79155.48003398471
21,Huelva,2021,5531,497437,12,89936.17790634606
21,Huelva,2022,5596,526165,12,94025.19656897784
21,Huelva,2023,4523,414810,12,91711.25359274818
21,Huelva,2024,4682,458281,12,97881.46091413926
21,Huelva,2025,5956,612537,12,102843.68703828072
21,Huelva,2026,1098,124536,2,113420.7650273224
22,Huesca,2003,4362,354151,12,81190.05043558001
22,Huesca,2004,5211,497429,12,95457.49376319324
22,Huesca,2005,6275,643959,12,102622.94820717131
22,Huesca,2006,6761,790403,12,116906.22688951339
22,Huesca,2007,6826,884701,12,129607.53003222971
22,Huesca,2008,5005,616249,12,123126.67332667332
22,Huesca,2009,3696,428091,12,115825.48701298701
22,Huesca,2010,2817,279911,12,99364.92722754704
22,Huesca,2011,2019,196119,12,97136.70133729569
22,Huesca,2012,1545,154253,12,99840.12944983819
22,Huesca,2013,1245,103807,12,83379.11646586345
22,Huesca,2014,847,69985,12,82626.91853600944
22,Huesca,2015,1256,99063,12,78871.8152866242
22,Huesca,2016,1451,114842,12,79146.79531357685
22,Huesca,2017,1422,129067,12,90764.41631504922
22,Huesca,2018,1479,122162,12,82597.70114942528
22,Huesca,2019,1510,134938,12,89362.91390728476
22,Huesca,2020,1559,145734,12,93479.15330339961
22,Huesca,2021,1842,176272,12,95695.98262757872
22,Huesca,2022,1911,197791,12,103501.30821559393
22,Huesca,2023,1462,145925,12,99811.90150478797
22,Huesca,2024,1782,187023,12,104951.17845117845
22,Huesca,2025,2391,285162,12,119264.74278544541
22,Huesca,2026,328,38457,2,117246.9512195122
23,Jaén,2003,8187,507399,12,61976.18175155735
23,Jaén,2004,8674,624419,12,71987.43370993774
23,Jaén,2005,12463,1058198,12,84907.1652090187
23,Jaén,2006,13023,1238002,12,95062.73516086923
23,Jaén,2007,15218,1588174,12,104361.54553817847
23,Jaén,2008,8827,870858,12,98658.434349156
23,Jaén,2009,6410,504625,12,78724.64898595944
23,Jaén,2010,6340,514984,12,81227.76025236593
23,Jaén,2011,4834,395659,12,81849.193214729
23,Jaén,2012,2817,209539,12,74383.74156904509
23,Jaén,2013,2177,150851,12,69293.06384933395
23,Jaén,2014,2024,140962,12,69645.25691699605
23,Jaén,2015,2576,181893,12,70610.63664596273
23,Jaén,2016,2955,208408,12,70527.24196277496
23,Jaén,2017,3294,242913,12,73744.08014571949
23,Jaén,2018,3452,269595,12,78098.20393974507
23,Jaén,2019,3394,264942,12,78061.87389510902
23,Jaén,2020,3252,250675,12,77083.33333333333
23,Jaén,2021,3994,316739,12,79303.7055583375
23,Jaén,2022,4223,350230,12,82933.93322282737
23,Jaén,2023,3899,322880,12,82810.97717363427
23,Jaén,2024,4147,349010,12,84159.6334699783
23,Jaén,2025,4898,438776,12,89582.68681094324
23,Jaén,2026,788,73478,2,93246.19289340102
24,León,2003,9738,781340,12,80236.18812897925
24,León,2004,10516,955951,12,90904.43134271586
24,León,2005,9855,923394,12,93698.02130898021
24,León,2006,11601,1155734,12,99623.65313335057
24,León,2007,11916,1312411,12,110138.55320577374
24,León,2008,8213,937164,12,114107.39072202606
24,León,2009,7020,758370,12,108029.91452991453
24,León,2010,5787,576978,12,99702.43649559357
24,León,2011,3932,350079,12,89033.31637843337
24,León,2012,2343,188903,12,80624.4131455399
24,León,2013,1537,120948,12,78690.95640858816
24,León,2014,1361,108349,12,79609.84570168993
24,León,2015,1554,124813,12,80317.24581724581
24,León,2016,1832,149258,12,81472.70742358078
24,León,2017,1946,165448,12,85019.52723535457
24,León,2018,2021,182292,12,90198.91142998515
24,León,2019,2051,178040,12,86806.43588493418
24,León,2020,2104,193567,12,91999.52471482889
24,León,2021,2502,229942,12,91903.27737809753
24,León,2022,2799,280778,12,100313.68345837799
24,León,2023,2353,227997,12,96896.30259243518
24,León,2024,2675,264962,12,99051.21495327103
24,León,2025,3737,375724,12,100541.61091784853
24,León,2026,632,70878,2,112148.73417721518
25,Lleida,2003,8139,678639,12,83381.12790269074
25,Lleida,2004,8894,923628,12,103848.43714863954
25,Lleida,2005,11589,1327482,12,114546.72534299767
25,Lleida,2006,13578,1795759,12,132255.04492561496
25,Lleida,2007,13488,1952720,12,144774.61447212336
25,Lleida,2008,7810,1052252,12,134731.37003841228
25,Lleida,2009,6150,691331,12,112411.54471544715
25,Lleida,2010,5457,540700,12,99083.74564779183
25,Lleida,2011,3419,313871,12,91801.98888563908
25,Lleida,2012,2264,195461,12,86334.36395759718
25,Lleida,2013,1484,130035,12,87624.66307277628
25,Lleida,2014,1227,98206,12,80037.48981255094
25,Lleida,2015,1774,154392,12,87030.4396843292
25,Lleida,2016,2083,186624,12,89593.85501680268
25,Lleida,2017,1841,165030,12,89641.49918522542
25,Lleida,2018,2051,185134,12,90265.23647001463
25,Lleida,2019,2152,189999,12,88289.49814126395
25,Lleida,2020,1996,185447,12,92909.31863727455
25,Lleida,2021,2922,296535,12,101483.5728952772
25,Lleida,2022,3230,353178,12,109343.03405572755
25,Lleida,2023,2861,317844,12,111095.42118140511
25,Lleida,2024,3302,365434,12,110670.50272562084
25,Lleida,2025,3750,466897,12,124505.86666666667
25,Lleida,2026,690,89681,2,129972.46376811594
26,"Rioja, La",2003,7708,715089,12,92772.31447846393
26,"Rioja, La",2004,7320,772280,12,105502.73224043715
26,"Rioja, La",2005,7884,927150,12,117598.93455098935
26,"Rioja, La",2006,9573,1235269,12,129036.77008252377
26,"Rioja, La",2007,9268,1205671,12,130089.66335779024
26,"Rioja, La",2008,7587,953468,12,125671.27982074601
26,"Rioja, La",2009,6510,776408,12,119263.90168970815
26,"Rioja, La",2010,6106,714321,12,116986.73435964625
26,"Rioja, La",2011,3535,378855,12,107172.56011315418
26,"Rioja, La",2012,1814,178803,12,98568.35722160971
26,"Rioja, La",2013,1694,150719,12,88972.25501770957
26,"Rioja, La",2014,1406,126349,12,89864.15362731152
26,"Rioja, La",2015,1582,126186,12,79763.59039190898
26,"Rioja, La",2016,1735,139355,12,80319.88472622479
26,"Rioja, La",2017,2054,172112,12,83793.5735150925
26,"Rioja, La",2018,2332,210241,12,90154.80274442538
26,"Rioja, La",2019,2189,185639,12,84805.39058931019
26,"Rioja, La",2020,2120,189594,12,89431.1320754717
26,"Rioja, La",2021,2523,232514,12,92157.74871185097
26,"Rioja, La",2022,3249,326594,12,100521.39119729148
26,"Rioja, La",2023,2073,198946,12,95970.09165460685
26,"Rioja, La",2024,2468,247145,12,100139.78930307942
26,"Rioja, La",2025,3379,370630,12,109686.29772121929
26,"Rioja, La",2026,510,57989,2,113703.92156862745
27,Lugo,2003,3692,247420,12,67015.16793066089
27,Lugo,2004,4479,312339,12,69734.09243134629
27,Lugo,2005,4963,381732,12,76915.57525690107
27,Lugo,2006,3895,365470,12,93830.55198973042
27,Lugo,2007,4342,428218,12,98622.29387379088
27,Lugo,2008,3736,356802,12,95503.74732334047
27,Lugo,2009,3941,365857,12,92833.54478558741
27,Lugo,2010,3951,338080,12,85568.2105796001
27,Lugo,2011,2773,241964,12,87257.12225027046
27,Lugo,2012,1370,103977,12,75895.62043795621
27,Lugo,2013,1036,82820,12,79942.08494208494
27,Lugo,2014,866,56245,12,64948.036951501155
27,Lugo,2015,1015,69093,12,68071.92118226601
27,Lugo,2016,1206,81082,12,67232.17247097845
27,Lugo,2017,1110,84090,12,75756.75675675676
27,Lugo,2018,1070,77093,12,72049.53271028037
27,Lugo,2019,1051,77243,12,73494.76688867745
27,Lugo,2020,1046,83144,12,79487.57170172084
27,Lugo,2021,1420,108590,12,76471.8309859155
27,Lugo,2022,1582,188317,12,119037.29456384324
27,Lugo,2023,1108,99184,12,89516.24548736462
27,Lugo,2024,1476,117889,12,79870.59620596207
27,Lugo,2025,2227,210695,12,94609.33991917377
27,Lugo,2026,380,37780,2,99421.05263157895
28,Madrid,2003,132970,17777706,12,133697.1196510491
28,Madrid,2004,153666,23035961,12,149909.29027891663
28,Madrid,2005,164084,27370931,12,166810.48121693765
28,Madrid,2006,159564,29337340,12,183859.39184277155
28,Madrid,2007,137344,26843187,12,195444.91932665423
28,Madrid,2008,101758,18330777,12,180140.89309931407
28,Madrid,2009,81509,12803053,12,157075.32910476145
28,Madrid,2010,85088,12977066,12,152513.4684091764
28,Madrid,2011,56755,8361173,12,147320.46515725486
28,Madrid,2012,39002,5489073,12,140738.24419260552
28,Madrid,2013,31843,4318234,12,135610.1497974437
28,Madrid,2014,35444,5156088,12,145471.3914908024
28,Madrid,2015,43394,6449952,12,148636.9544176614
28,Madrid,2016,48571,7398743,12,152328.40583887504
28,Madrid,2017,56989,9291604,12,163042.0607485655
28,Madrid,2018,66106,11636986,12,176035.24642241249
28,Madrid,2019,70581,12026647,12,170394.96465054335
28,Madrid,2020,61445,11220349,12,182608.00716087557
28,Madrid,2021,73389,14682282,12,200061.07182275274
28,Madrid,2022,79894,16703374,12,209069.19167897463
28,Madrid,2023,63699,12876631,12,202148.08709712868
28,Madrid,2024,71620,14679068,12,204957.6654565764
28,Madrid,2025,73569,18791223,12,255423.11299596296
28,Madrid,2026,12557,3084895,2,245671.3386955483
29,Málaga,2003,43941,4748517,12,108065.74725199699
29,Málaga,2004,41078,5284752,12,128651.6383465602
29,Málaga,2005,49036,6905477,12,140824.6390407048
29,Málaga,2006,59833,9408152,12,157240.18518209015
29,Málaga,2007,54581,8959362,12,164148.00021985674
29,Málaga,2008,34281,5482723,12,159934.74519413087
29,Málaga,2009,25149,3106982,12,123542.96393494771
29,Málaga,2010,23881,2884712,12,120795.27657970772
29,Málaga,2011,15606,1819990,12,116621.17134435473
29,Málaga,2012,11778,1324332,12,112441.1614875191
29,Málaga,2013,8393,911618,12,108616.46610270464
29,Málaga,2014,9893,1036974,12,104818.96290306277
29,Málaga,2015,12203,1372060,12,112436.2861591412
29,Málaga,2016,14090,1723595,12,122327.53726046842
29,Málaga,2017,16787,2056235,12,122489.72419133854
29,Málaga,2018,18668,2488654,12,133311.22776944505
29,Málaga,2019,18181,2634840,12,144922.72152246852
29,Málaga,2020,16551,2451466,12,148115.88423660203
29,Málaga,2021,20727,3384011,12,163265.83683118637
29,Málaga,2022,22931,4019008,12,175265.27408311891
29,Málaga,2023,19638,3465518,12,176470.00712903554
29,Málaga,2024,20188,3949411,12,195631.6128393105
29,Málaga,2025,22749,5087018,12,223615.01604466132
29,Málaga,2026,4285,1044916,2,243854.3757292882
30,Murcia,2003,35726,2679637,12,75005.23428315512
30,Murcia,2004,42323,3844149,12,90828.84011057817
30,Murcia,2005,50602,5347240,12,105672.50306312004
30,Murcia,2006,54859,6511402,12,118693.41402504603
30,Murcia,2007,51690,6434468,12,124481.87270265042
30,Murcia,2008,38678,4615974,12,119343.65789337608
30,Murcia,2009,25032,2428169,12,97002.5966762544
30,Murcia,2010,20652,1950696,12,94455.54909936084
30,Murcia,2011,13320,1183158,12,88825.67567567568
30,Murcia,2012,8362,623862,12,74606.7926333413
30,Murcia,2013,5418,399330,12,73704.31893687708
30,Murcia,2014,5558,406770,12,73186.39798488664
30,Murcia,2015,6935,563661,12,81277.72170151406
30,Murcia,2016,7493,593492,12,79206.1924462832
30,Murcia,2017,7878,608115,12,77191.54607768469
30,Murcia,2018,8419,698127,12,82922.79368095973
30,Murcia,2019,8881,728407,12,82018.5789888526
30,Murcia,2020,9032,754852,12,83575.28786536759
30,Murcia,2021,12689,1080338,12,85139.72732287808
30,Murcia,2022,13775,1258592,12,91367.84029038112
30,Murcia,2023,11177,997494,12,89245.2357519907
30,Murcia,2024,12193,1149247,12,94254.65430984991
30,Murcia,2025,15803,1679094,12,106251.59779788648
30,Murcia,2026,2563,280004,2,109248.53687085447
31,Navarra,2003,9214,889294,12,96515.51986108096
31,Navarra,2004,11648,1278983,12,109802.79876373627
31,Navarra,2005,12614,1552570,12,123083.08228951957
31,Navarra,2006,13292,1816182,12,136637.22539873607
31,Navarra,2007,12246,1826765,12,149172.38281887965
31,Navarra,2008,8603,1192156,12,138574.45077298617
31,Navarra,2009,7357,931847,12,126661.27497621313
31,Navarra,2010,7076,844668,12,119370.83097795365
31,Navarra,2011,5520,665806,12,120617.02898550725
31,Navarra,2012,4095,458620,12,111995.115995116
31,Navarra,2013,3170,345155,12,108881.70347003154
31,Navarra,2014,3710,383504,12,103370.35040431267
31,Navarra,2015,3769,388627,12,103111.43539400371
31,Navarra,2016,3990,404782,12,101449.12280701754
31,Navarra,2017,4069,430171,12,105719.09560088474
31,Navarra,2018,4739,514015,12,108464.86600548639
31,Navarra,2019,4508,519396,12,115216.5039929015
31,Navarra,2020,4201,488491,12,116279.69531064032
31,Navarra,2021,5190,640344,12,123380.34682080925
31,Navarra,2022,5219,681121,12,130507.95171488791
31,Navarra,2023,4555,609069,12,133714.37980241491
31,Navarra,2024,5553,710405,12,127931.748604358
31,Navarra,2025,5869,867320,12,147779.86028284204
31,Navarra,2026,1043,160086,2,153486.09779482262
32,Ourense,2003,2587,194698,12,75260.14688828759
32,Ourense,2004,3527,290529,12,82372.83810603913
32,Ourense,2005,3709,342933,12,92459.69263952548
32,Ourense,2006,3704,365147,12,98581.80345572354
32,Ourense,2007,3439,357047,12,103822.91363768537
32,Ourense,2008,3113,303740,12,97571.47446193383
32,Ourense,2009,2183,215121,12,98543.74713696747
32,Ourense,2010,2751,262539,12,95434.0239912759
32,Ourense,2011,1448,141149,12,97478.591160221
32,Ourense,2012,910,84020,12,92329.67032967033
32,Ourense,2013,699,51782,12,74080.11444921316
32,Ourense,2014,664,54237,12,81682.22891566265
32,Ourense,2015,833,75839,12,91043.21728691476
32,Ourense,2016,886,75795,12,85547.40406320542
32,Ourense,2017,901,75550,12,83851.27635960044
32,Ourense,2018,902,77746,12,86192.9046563193
32,Ourense,2019,895,78884,12,88138.54748603352
32,Ourense,2020,1081,82404,12,76229.41720629047
32,Ourense,2021,1058,95615,12,90373.34593572779
32,Ourense,2022,1155,105403,12,91258.00865800866
32,Ourense,2023,1135,97457,12,85865.19823788546
32,Ourense,2024,1230,111756,12,90858.53658536586
32,Ourense,2025,1564,162730,12,104047.31457800511
32,Ourense,2026,251,28116,2,112015.93625498009
33,Asturias,2003,20817,1706734,12,81987.51020800308
33,Asturias,2004,21236,1882366,12,88640.3277453381
33,Asturias,2005,20042,1916751,12,95636.7129029039
33,Asturias,2006,21934,2308774,12,105260.05288593052
33,Asturias,2007,22164,2546967,12,114914.59122902004
33,Asturias,2008,16795,1975017,12,117595.5343852337
33,Asturias,2009,13810,1526997,12,110571.83200579291
33,Asturias,2010,13769,1510369,12,109693.4417895272
33,Asturias,2011,7907,817456,12,103383.83710636145
33,Asturias,2012,5119,497330,12,97153.74096503224
33,Asturias,2013,3687,333996,12,90587.46948738812
33,Asturias,2014,3765,337244,12,89573.4395750332
33,Asturias,2015,4314,399596,12,92627.72369031061
33,Asturias,2016,4949,435095,12,87915.7405536472
33,Asturias,2017,5733,528359,12,92160.9977324263
33,Asturias,2018,6198,580054,12,93587.28622136173
33,Asturias,2019,6223,590084,12,94823.0756869677
33,Asturias,2020,6680,631511,12,94537.5748502994
33,Asturias,2021,7268,772890,12,106341.49697303247
33,Asturias,2022,8156,889779,12,109095.02206964199
33,Asturias,2023,6862,768849,12,112044.44768289129
33,Asturias,2024,8083,885139,12,109506.24768031671
33,Asturias,2025,9189,1099044,12,119604.30950048972
33,Asturias,2026,1531,201390,2,131541.47615937295
34,Palencia,2003,3044,244464,12,80310.11826544021
34,Palencia,2004,3140,275120,12,87617.83439490446
34,Palencia,2005,3074,282759,12,91984.05985686403
34,Palencia,2006,3560,373496,12,104914.60674157304
34,Palencia,2007,3431,392272,12,114331.68172544448
34,Palencia,2008,2212,242872,12,109797.46835443038
34,Palencia,2009,1771,189774,12,107156.40880858272
34,Palencia,2010,1932,213032,12,110265.01035196688
34,Palencia,2011,1137,108340,12,95285.8399296394
34,Palencia,2012,862,76474,12,88716.9373549884
34,Palencia,2013,596,60685,12,101820.46979865772
34,Palencia,2014,622,54408,12,87472.66881028938
34,Palencia,2015,692,55856,12,80716.76300578035
34,Palencia,2016,698,55802,12,79945.55873925501
34,Palencia,2017,707,57868,12,81850.07072135786
34,Palencia,2018,728,62801,12,86265.10989010989
34,Palencia,2019,832,77902,12,93632.21153846153
34,Palencia,2020,743,63598,12,85596.23149394347
34,Palencia,2021,1184,109512,12,92493.24324324324
34,Palencia,2022,1039,98368,12,94675.64966313764
34,Palencia,2023,823,84665,12,102873.63304981774
34,Palencia,2024,993,87740,12,88358.50956696879
34,Palencia,2025,1244,115288,12,92675.24115755627
34,Palencia,2026,206,19900,2,96601.94174757281
35,"Palmas, Las",2003,21940,1878590,12,85623.9744758432
35,"Palmas, Las",2004,29415,2808423,12,95475.87965323814
35,"Palmas, Las",2005,36087,3976179,12,110183.14074320393
35,"Palmas, Las",2006,37198,4363512,12,117305.01639873111
35,"Palmas, Las",2007,32833,4193785,12,127730.78914506747
35,"Palmas, Las",2008,22291,2716413,12,121861.423893051
35,"Palmas, Las",2009,17759,1656440,12,93273.2698913227
35,"Palmas, Las",2010,14170,1365592,12,96372.05363443895
35,"Palmas, Las",2011,8829,838650,12,94988.10737342847
35,"Palmas, Las",2012,6475,531292,12,82052.81853281854
35,"Palmas, Las",2013,5048,376052,12,74495.24564183835
35,"Palmas, Las",2014,5361,369172,12,68862.52564819997
35,"Palmas, Las",2015,6575,543993,12,82736.57794676805
35,"Palmas, Las",2016,7218,559632,12,77532.83458021612
35,"Palmas, Las",2017,6973,599162,12,85926.00028682059
35,"Palmas, Las",2018,7176,675925,12,94192.44704570792
35,"Palmas, Las",2019,7992,747532,12,93535.03503503503
35,"Palmas, Las",2020,7131,722941,12,101380.03085121301
35,"Palmas, Las",2021,7062,787288,12,111482.29963183234
35,"Palmas, Las",2022,8557,1019154,12,119101.78800981652
35,"Palmas, Las",2023,8391,900976,12,107374.09128828507
35,"Palmas, Las",2024,9002,1001550,12,111258.60919795602
35,"Palmas, Las",2025,9638,1298161,12,134691.94853704088
35,"Palmas, Las",2026,1795,254719,2,141904.73537604455
36,Pontevedra,2003,14099,1208837,12,85739.20136179871
36,Pontevedra,2004,17830,1662362,12,93233.98766124509
36,Pontevedra,2005,17111,1799753,12,105181.05312372158
36,Pontevedra,2006,17097,2070608,12,121109.43440369655
36,Pontevedra,2007,17500,2181764,12,124672.22857142857
36,Pontevedra,2008,13764,1677764,12,121895.08863702412
36,Pontevedra,2009,12431,1422802,12,114455.95688198858
36,Pontevedra,2010,11352,1278158,12,112593.1994362227
36,Pontevedra,2011,8062,898970,12,111507.07020590424
36,Pontevedra,2012,4244,445542,12,104981.62111215835
36,Pontevedra,2013,3199,290663,12,90860.5814316974
36,Pontevedra,2014,2866,265994,12,92810.18841591067
36,Pontevedra,2015,3308,330855,12,100016.62636033857
36,Pontevedra,2016,3596,354779,12,98659.34371523916
36,Pontevedra,2017,4041,397357,12,98331.35362534026
36,Pontevedra,2018,4163,428880,12,103021.8592361278
36,Pontevedra,2019,4011,422217,12,105264.77187733732
36,Pontevedra,2020,4234,456757,12,107878.36561171469
36,Pontevedra,2021,5505,631654,12,114741.8710263397
36,Pontevedra,2022,5669,682941,12,120469.39495501852
36,Pontevedra,2023,4655,592431,12,127267.66917293234
36,Pontevedra,2024,5813,727955,12,125228.79752279374
36,Pontevedra,2025,6211,863439,12,139017.7105136049
36,Pontevedra,2026,1067,161102,2,150985.9418931584
37,Salamanca,2003,5867,505988,12,86243.0543719107
37,Salamanca,2004,5623,552369,12,98233.86092833008
37,Salamanca,2005,5453,597249,12,109526.68256005869
37,Salamanca,2006,7671,926575,12,120789.33646199974
37,Salamanca,2007,6507,855497,12,131473.33640694636
37,Salamanca,2008,5806,701859,12,120885.11884257664
37,Salamanca,2009,4198,467913,12,111460.93377798951
37,Salamanca,2010,4234,503626,12,118948.03967879074
37,Salamanca,2011,3327,342088,12,102821.76134655846
37,Salamanca,2012,1925,181279,12,94170.90909090909
37,Salamanca,2013,1221,104521,12,85602.78460278461
37,Salamanca,2014,1330,117408,12,88276.69172932331
37,Salamanca,2015,1410,122913,12,87172.34042553192
37,Salamanca,2016,1626,141596,12,87082.41082410824
37,Salamanca,2017,1591,156525,12,98381.52105593967
37,Salamanca,2018,1649,153692,12,93203.15342631898
37,Salamanca,2019,1675,165652,12,98896.71641791044
37,Salamanca,2020,1680,169829,12,101088.69047619047
37,Salamanca,2021,2160,227868,12,105494.44444444444
37,Salamanca,2022,2284,244539,12,107066.11208406305
37,Salamanca,2023,1806,187670,12,103914.72868217055
37,Salamanca,2024,2195,239637,12,109174.0318906606
37,Salamanca,2025,2880,345308,12,119898.61111111111
37,Salamanca,2026,446,56633,2,126979.82062780269
38,Santa Cruz de Tenerife,2003,16729,1490145,12,89075.5574152669
38,Santa Cruz de Tenerife,2004,21790,2107586,12,96722.62505736576
38,Santa Cruz de Tenerife,2005,26127,2778943,12,106362.88131052168
38,Santa Cruz de Tenerife,2006,29789,3515208,12,118003.55836046863
38,Santa Cruz de Tenerife,2007,28088,3500321,12,124619.8020506978
38,Santa Cruz de Tenerife,2008,19256,2244707,12,116571.82176983797
38,Santa Cruz de Tenerife,2009,15061,1479201,12,98213.9964145807
38,Santa Cruz de Tenerife,2010,12066,1220448,12,101147.68771755346
38,Santa Cruz de Tenerife,2011,7069,682864,12,96599.8019521856
38,Santa Cruz de Tenerife,2012,4834,396608,12,82045.51096400496
38,Santa Cruz de Tenerife,2013,3790,302934,12,79929.81530343008
38,Santa Cruz de Tenerife,2014,3852,315194,12,81826.06438213914
38,Santa Cruz de Tenerife,2015,4335,384466,12,88688.8119953864
38,Santa Cruz de Tenerife,2016,5776,485531,12,84060.07617728531
38,Santa Cruz de Tenerife,2017,6445,564843,12,87640.49650892164
38,Santa Cruz de Tenerife,2018,6810,616140,12,90475.77092511013
38,Santa Cruz de Tenerife,2019,5980,592590,12,99095.31772575251
38,Santa Cruz de Tenerife,2020,4966,521653,12,105044.90535642368
38,Santa Cruz de Tenerife,2021,5522,624358,12,113067.36689605216
38,Santa Cruz de Tenerife,2022,7430,815209,12,109718.5733512786
38,Santa Cruz de Tenerife,2023,5825,675656,12,115992.44635193133
38,Santa Cruz de Tenerife,2024,5790,729671,12,126022.62521588946
38,Santa Cruz de Tenerife,2025,7645,1102205,12,144173.31589274036
38,Santa Cruz de Tenerife,2026,1021,160450,2,157149.85308521058
39,Cantabria,2003,12384,1079701,12,87185.15826873385
39,Cantabria,2004,12399,1227931,12,99034.68021614646
39,Cantabria,2005,13519,1511614,12,111814.03949996301
39,Cantabria,2006,15876,1945924,12,122570.16880826405
39,Cantabria,2007,16685,2168779,12,129983.75786634702
39,Cantabria,2008,13893,1752589,12,126149.06787590873
39,Cantabria,2009,12021,1381667,12,114937.77555943765
39,Cantabria,2010,9477,1157435,12,122130.94861243009
39,Cantabria,2011,5577,612690,12,109860.13986013985
39,Cantabria,2012,3457,355832,12,102930.86491177321
39,Cantabria,2013,2479,238552,12,96229.12464703509
39,Cantabria,2014,2247,214835,12,95609.7018246551
39,Cantabria,2015,2851,294646,12,103348.2988425114
39,Cantabria,2016,3160,338465,12,107109.17721518988
39,Cantabria,2017,3532,371578,12,105203.28425821064
39,Cantabria,2018,3908,410037,12,104922.46673490276
39,Cantabria,2019,4039,412170,12,102047.53651894034
39,Cantabria,2020,3867,409036,12,105776.05378846651
39,Cantabria,2021,5537,599306,12,108236.59021130577
39,Cantabria,2022,5590,651117,12,116478.89087656529
39,Cantabria,2023,4362,504438,12,115643.74140302613
39,Cantabria,2024,4843,588025,12,121417.50980797027
39,Cantabria,2025,6916,966748,12,139784.26836321573
39,Cantabria,2026,1019,153289,2,150430.81452404318
40,Segovia,2003,3211,314029,12,97797.88227966365
40,Segovia,2004,3651,378628,12,103705.28622295262
40,Segovia,2005,3830,488852,12,127637.59791122716
40,Segovia,2006,4466,579158,12,129681.59426780116
40,Segovia,2007,4420,619940,12,140257.9185520362
40,Segovia,2008,3085,390397,12,126546.83954619124
40,Segovia,2009,2077,247557,12,119189.69667790082
40,Segovia,2010,2103,255991,12,121726.58107465526
40,Segovia,2011,1406,156819,12,111535.56187766715
40,Segovia,2012,997,103945,12,104257.77331995987
40,Segovia,2013,925,101791,12,110044.32432432432
40,Segovia,2014,680,57187,12,84098.5294117647
40,Segovia,2015,774,68746,12,88819.12144702842
40,Segovia,2016,836,75694,12,90543.06220095693
40,Segovia,2017,770,71321,12,92624.67532467532
40,Segovia,2018,940,87567,12,93156.3829787234
40,Segovia,2019,949,93115,12,98119.0727081138
40,Segovia,2020,944,92833,12,98340.04237288136
40,Segovia,2021,1279,125250,12,97928.06880375293
40,Segovia,2022,1435,151441,12,105533.79790940767
40,Segovia,2023,1257,131240,12,104407.31901352426
40,Segovia,2024,1374,145174,12,105657.93304221252
40,Segovia,2025,1732,211703,12,122230.36951501155
40,Segovia,2026,290,38720,2,133517.24137931035
41,Sevilla,2003,37500,2947300,12,78594.66666666667
41,Sevilla,2004,45085,4074051,12,90363.77952755906
41,Sevilla,2005,56618,5697691,12,100633.91500936098
41,Sevilla,2006,57991,6780492,12,116923.17773447603
41,Sevilla,2007,53197,6870888,12,129159.31349512191
41,Sevilla,2008,36649,4528869,12,123574.14936287484
41,Sevilla,2009,24815,2759933,12,111220.35059439855
41,Sevilla,2010,22530,2363721,12,104914.38082556591
41,Sevilla,2011,18555,1889145,12,101813.25788197252
41,Sevilla,2012,10778,966541,12,89677.21284097235
41,Sevilla,2013,7989,666721,12,83454.8754537489
41,Sevilla,2014,8327,728218,12,87452.62399423562
41,Sevilla,2015,9699,859594,12,88627.07495618105
41,Sevilla,2016,11037,996930,12,90326.17559119326
41,Sevilla,2017,11899,1206600,12,101403.47928397344
41,Sevilla,2018,13684,1434583,12,104836.52440806781
41,Sevilla,2019,14249,1543592,12,108329.84770861112
41,Sevilla,2020,14209,1598659,12,112510.31036666901
41,Sevilla,2021,17582,2006357,12,114114.26458878399
41,Sevilla,2022,20852,2496277,12,119714.0322271245
41,Sevilla,2023,17511,2122816,12,121227.57124093427
41,Sevilla,2024,18874,2337188,12,123831.09038889478
41,Sevilla,2025,23983,3325422,12,138657.46570487428
41,Sevilla,2026,3548,527767,2,148750.56369785796
42,Soria,2003,1627,138203,12,84943.45421020282
42,Soria,2004,843,76084,12,90253.8552787663
42,Soria,2005,1674,161832,12,96673.83512544802
42,Soria,2006,1929,216549,12,112259.72006220839
42,Soria,2007,1598,184812,12,115652.06508135168
42,Soria,2008,1670,205498,12,123052.69461077845
42,Soria,2009,1502,171581,12,114235.01997336884
42,Soria,2010,1118,128220,12,114686.94096601073
42,Soria,2011,866,88988,12,102757.50577367205
42,Soria,2012,808,90799,12,112375
42,Soria,2013,471,46342,12,98390.65817409767
42,Soria,2014,357,31859,12,89240.89635854341
42,Soria,2015,321,25865,12,80576.32398753894
42,Soria,2016,339,28706,12,84678.46607669616
42,Soria,2017,371,29466,12,79423.18059299192
42,Soria,2018,401,34452,12,85915.21197007482
42,Soria,2019,509,43580,12,85618.8605108055
42,Soria,2020,450,40770,12,90600
42,Soria,2021,621,59054,12,95095.00805152979
42,Soria,2022,685,66700,12,97372.26277372263
42,Soria,2023,574,61304,12,106801.393728223
42,Soria,2024,693,74202,12,107073.59307359307
42,Soria,2025,619,65446,12,105728.5945072698
42,Soria,2026,106,12117,2,114311.32075471699
43,Tarragona,2003,22122,2007053,12,90726.56179368954
43,Tarragona,2004,26246,2739870,12,104391.90733826107
43,Tarragona,2005,30271,3723891,12,123018.43348419279
43,Tarragona,2006,32784,4597907,12,140248.50536847243
43,Tarragona,2007,28967,4531813,12,156447.44019056167
43,Tarragona,2008,14003,1930307,12,137849.53224309077
43,Tarragona,2009,11461,1235440,12,107795.131314894
43,Tarragona,2010,11514,1179141,12,102409.32777488275
43,Tarragona,2011,7827,769957,12,98371.91772071036
43,Tarragona,2012,5742,526017,12,91608.67293625914
43,Tarragona,2013,3869,332011,12,85813.13000775393
43,Tarragona,2014,3474,292664,12,84244.0990213011
43,Tarragona,2015,4373,372406,12,85160.30185227533
43,Tarragona,2016,4930,432018,12,87630.42596348884
43,Tarragona,2017,5191,485417,12,93511.26950491234
43,Tarragona,2018,5849,555447,12,94964.43836553257
43,Tarragona,2019,6253,594030,12,94999.20038381577
43,Tarragona,2020,5935,626703,12,105594.4397641112
43,Tarragona,2021,8095,891099,12,110080.17294626312
43,Tarragona,2022,9738,1126711,12,115702.505647977
43,Tarragona,2023,7929,891037,12,112376.97061420104
43,Tarragona,2024,8690,982980,12,113116.22554660529
43,Tarragona,2025,10318,1321479,12,128075.11145570847
43,Tarragona,2026,1878,252129,2,134253.99361022364
44,Teruel,2003,1240,83892,12,67654.83870967742
44,Teruel,2004,1236,87938,12,71147.24919093851
44,Teruel,2005,1878,155150,12,82614.48349307774
44,Teruel,2006,2427,239926,12,98857.02513391018
44,Teruel,2007,2652,264674,12,99801.65912518854
44,Teruel,2008,2122,224339,12,105720.5466540999
44,Teruel,2009,1553,139700,12,89954.92594977462
44,Teruel,2010,1352,129678,12,95915.68047337278
44,Teruel,2011,802,73283,12,91375.31172069826
44,Teruel,2012,645,56630,12,87798.4496124031
44,Teruel,2013,596,54833,12,92001.67785234899
44,Teruel,2014,433,32235,12,74445.72748267898
44,Teruel,2015,553,44680,12,80795.66003616636
44,Teruel,2016,499,35811,12,71765.53106212425
44,Teruel,2017,585,46693,12,79817.09401709402
44,Teruel,2018,597,46456,12,77815.74539363485
44,Teruel,2019,661,65455,12,99024.20574886535
44,Teruel,2020,605,57480,12,95008.26446280992
44,Teruel,2021,621,54563,12,87863.12399355878
44,Teruel,2022,837,78018,12,93211.46953405018
44,Teruel,2023,697,69700,12,100000
44,Teruel,2024,591,53437,12,90417.93570219965
44,Teruel,2025,669,63646,12,95136.02391629298
44,Teruel,2026,130,13935,2,107192.30769230769
45,Toledo,2003,11239,960471,12,85458.75967612777
45,Toledo,2004,13696,1464708,12,106944.21728971963
45,Toledo,2005,19660,2405175,12,122338.504577823
45,Toledo,2006,23427,3200255,12,136605.41255815938
45,Toledo,2007,30363,4159683,12,136998.4191285446
45,Toledo,2008,19900,2695278,12,135441.1055276382
45,Toledo,2009,10383,1126829,12,108526.34113454685
45,Toledo,2010,9062,975676,12,107666.74023394394
45,Toledo,2011,5451,545310,12,100038.52504127684
45,Toledo,2012,4081,401241,12,98319.28448909581
45,Toledo,2013,2630,211953,12,80590.49429657795
45,Toledo,2014,2728,211995,12,77710.77712609971
45,Toledo,2015,2980,235314,12,78964.42953020135
45,Toledo,2016,3948,319476,12,80920.9726443769
45,Toledo,2017,3939,343170,12,87121.09672505713
45,Toledo,2018,4741,409131,12,86296.35098080574
45,Toledo,2019,6038,474821,12,78638.78767803908
45,Toledo,2020,4956,433646,12,87499.19289749798
45,Toledo,2021,6551,649006,12,99069.76034193253
45,Toledo,2022,6897,705579,12,102302.30535015224
45,Toledo,2023,5952,580684,12,97561.1559139785
45,Toledo,2024,7525,765558,12,101735.28239202658
45,Toledo,2025,8623,990221,12,114834.860257451
45,Toledo,2026,1640,213327,2,130077.43902439025
46,Valencia/València,2003,64885,4996315,12,77002.62002003545
46,Valencia/València,2004,74431,6752576,12,90722.62901210517
46,Valencia/València,2005,88524,10034875,12,113357.67701414306
46,Valencia/València,2006,88829,11360634,12,127893.30061128686
46,Valencia/València,2007,81562,11568662,12,141838.87104288762
46,Valencia/València,2008,48739,6434710,12,132023.84127700608
46,Valencia/València,2009,38324,4028411,12,105114.57572278468
46,Valencia/València,2010,35046,3683507,12,105104.91924898705
46,Valencia/València,2011,21300,2068575,12,97116.19718309859
46,Valencia/València,2012,12983,1093847,12,84252.25294616037
46,Valencia/València,2013,9061,705634,12,77875.95188169077
46,Valencia/València,2014,10195,814511,12,79893.1829328102
46,Valencia/València,2015,11967,954727,12,79779.9782735857
46,Valencia/València,2016,14092,1161785,12,82442.87539029236
46,Valencia/València,2017,16145,1379669,12,85454.87767110561
46,Valencia/València,2018,18859,1740632,12,92297.15255315765
46,Valencia/València,2019,19997,1948560,12,97442.61639245886
46,Valencia/València,2020,18450,1793798,12,97224.82384823848
46,Valencia/València,2021,24487,2568296,12,104884.06093028955
46,Valencia/València,2022,27898,3078893,12,110362.49910387842
46,Valencia/València,2023,21469,2440207,12,113661.88457776328
46,Valencia/València,2024,24373,2841909,12,116600.70569892915
46,Valencia/València,2025,29393,3918562,12,133316.16371244853
46,Valencia/València,2026,4892,698603,2,142805.1921504497
47,Valladolid,2003,11383,1055387,12,92716.06782043398
47,Valladolid,2004,10816,1163028,12,107528.47633136094
47,Valladolid,2005,11063,1200885,12,108549.6700714092
47,Valladolid,2006,12749,1656121,12,129902.03153188486
47,Valladolid,2007,12627,1745109,12,138204.56165359943
47,Valladolid,2008,10554,1360516,12,128909.98673488725
47,Valladolid,2009,8564,1001924,12,116992.52685660907
47,Valladolid,2010,8020,967647,12,120654.23940149626
47,Valladolid,2011,5091,572296,12,112413.27833431546
47,Valladolid,2012,3270,324225,12,99151.37614678899
47,Valladolid,2013,1944,181940,12,93590.53497942387
47,Valladolid,2014,1882,161982,12,86069.07545164718
47,Valladolid,2015,2249,201717,12,89691.86305024456
47,Valladolid,2016,2733,245885,12,89968.89864617636
47,Valladolid,2017,3123,286433,12,91717.25904578931
47,Valladolid,2018,3354,321375,12,95818.42576028622
47,Valladolid,2019,3330,342974,12,102995.19519519519
47,Valladolid,2020,4236,374561,12,88423.27667610954
47,Valladolid,2021,4482,499581,12,111463.85542168675
47,Valladolid,2022,5046,576051,12,114159.92865636147
47,Valladolid,2023,4575,544749,12,119070.81967213115
47,Valladolid,2024,5251,586812,12,111752.42810893164
47,Valladolid,2025,6052,781458,12,129123.92597488433
47,Valladolid,2026,959,137652,2,143537.01772679875
48,Bizkaia,2003,19745,2257540,12,114334.76829577108
48,Bizkaia,2004,20551,2621482,12,127559.82677241984
48,Bizkaia,2005,23135,3251047,12,140525.04862762048
48,Bizkaia,2006,23746,3717640,12,156558.57828686936
48,Bizkaia,2007,19226,3278045,12,170500.6241547904
48,Bizkaia,2008,16329,2702903,12,165527.772674383
48,Bizkaia,2009,13152,1952493,12,148455.97627737228
48,Bizkaia,2010,14031,2195245,12,156456.77428551065
48,Bizkaia,2011,10531,1661781,12,157798.9744563669
48,Bizkaia,2012,6429,889823,12,138407.6839321823
48,Bizkaia,2013,4990,606697,12,121582.56513026053
48,Bizkaia,2014,5837,700771,12,120056.70721260921
48,Bizkaia,2015,7359,956018,12,129911.4010055714
48,Bizkaia,2016,8596,1127123,12,131121.8008375989
48,Bizkaia,2017,8623,1162069,12,134763.88727820944
48,Bizkaia,2018,9570,1331701,12,139153.70950888193
48,Bizkaia,2019,9509,1354770,12,142472.39457356188
48,Bizkaia,2020,9499,1455559,12,153232.86661753868
48,Bizkaia,2021,11192,1745885,12,155994.01358112937
48,Bizkaia,2022,11959,1929275,12,161324.1073668367
48,Bizkaia,2023,9837,1497652,12,152246.82321846092
48,Bizkaia,2024,10709,1706374,12,159340.18115603697
48,Bizkaia,2025,13406,2266122,12,169037.89348053111
48,Bizkaia,2026,1948,359425,2,184509.75359342917
49,Zamora,2003,3147,231211,12,73470.28916428344
49,Zamora,2004,3080,241533,12,78419.8051948052
49,Zamora,2005,3411,276387,12,81028.14423922604
49,Zamora,2006,2977,283237,12,95141.75344306348
49,Zamora,2007,3063,312536,12,102035.91250408096
49,Zamora,2008,3245,331050,12,102018.48998459168
49,Zamora,2009,2324,227851,12,98042.59896729776
49,Zamora,2010,1799,168031,12,93402.445803224007
49,Zamora,2011,1336,114222,12,85495.50898203593
49,Zamora,2012,932,81282,12,87212.44635193133
49,Zamora,2013,649,51708,12,79673.343605547
49,Zamora,2014,585,44063,12,75321.36752136752
49,Zamora,2015,623,49430,12,79341.89406099518
49,Zamora,2016,616,48916,12,79409.09090909091
49,Zamora,2017,658,52234,12,79382.97872340426
49,Zamora,2018,641,48223,12,75230.88923556943
49,Zamora,2019,581,46648,12,80289.15662650602
49,Zamora,2020,559,45336,12,81101.96779964223
49,Zamora,2021,740,64061,12,86568.91891891892
49,Zamora,2022,736,68448,12,93000
49,Zamora,2023,619,56637,12,91497.57673667205
49,Zamora,2024,726,64392,12,88694.21487603306
49,Zamora,2025,982,88635,12,90259.67413441955
49,Zamora,2026,185,17064,2,92237.83783783784
50,Zaragoza,2003,19845,1973762,12,99458.9065255732
50,Zaragoza,2004,20843,2351765,12,112832.36578227702
50,Zaragoza,2005,24023,2931028,12,122009.24114390375
50,Zaragoza,2006,25374,3649184,12,143815.87451722234
50,Zaragoza,2007,24346,3586303,12,147305.6354226567
50,Zaragoza,2008,17429,2394954,12,137412.01445866085
50,Zaragoza,2009,15940,1946288,12,122100.87829360101
50,Zaragoza,2010,13033,1553814,12,119221.51461674212
50,Zaragoza,2011,8743,1028631,12,117651.9501315338
50,Zaragoza,2012,6270,633296,12,101004.14673046253
50,Zaragoza,2013,5170,515619,12,99732.88201160541
50,Zaragoza,2014,4640,444598,12,95818.53448275862
50,Zaragoza,2015,5256,513141,12,97629.56621004567
50,Zaragoza,2016,6326,628637,12,99373.53778058806
50,Zaragoza,2017,6492,670594,12,103295.44054220579
50,Zaragoza,2018,6960,712205,12,102328.30459770115
50,Zaragoza,2019,6808,722274,12,106091.95064629847
50,Zaragoza,2020,7425,885699,12,119286.06060606061
50,Zaragoza,2021,8484,1004594,12,118410.41961338991
50,Zaragoza,2022,9326,1162224,12,124621.9172206734
50,Zaragoza,2023,7419,861250,12,116087.07372961316
50,Zaragoza,2024,8320,1017311,12,122272.95673076923
50,Zaragoza,2025,10204,1370539,12,134313.8965111721
50,Zaragoza,2026,1467,193937,2,132199.72733469665
51,Ceuta,2003,862,74727,12,86690.25522041763
51,Ceuta,2004,1144,101774,12,88963.28671328671
51,Ceuta,2005,953,97497,12,102305.35152151102
51,Ceuta,2006,1202,137266,12,114198.00332778702
51,Ceuta,2007,1261,175877,12,139474.22680412373
51,Ceuta,2008,958,134763,12,140671.18997912318
51,Ceuta,2009,609,99976,12,164164.20361247947
51,Ceuta,2010,949,124857,12,131566.91253951527
51,Ceuta,2011,541,77154,12,142613.67837338263
51,Ceuta,2012,298,38327,12,128614.09395973154
51,Ceuta,2013,238,32757,12,137634.4537815126
51,Ceuta,2014,276,42582,12,154282.60869565216
51,Ceuta,2015,266,33111,12,124477.44360902255
51,Ceuta,2016,335,43954,12,131205.97014925373
51,Ceuta,2017,374,48200,12,128877.00534759359
51,Ceuta,2018,335,39715,12,118552.23880597015
51,Ceuta,2019,348,44782,12,128683.908045977
51,Ceuta,2020,309,45644,12,147715.21035598704
51,Ceuta,2021,235,32359,12,137697.87234042553
51,Ceuta,2022,410,56025,12,136646.34146341463
51,Ceuta,2023,446,57746,12,129475.33632286996
51,Ceuta,2024,523,71269,12,136269.5984703633
51,Ceuta,2025,546,78296,12,143399.2673992674
51,Ceuta,2026,103,16743,2,162553.39805825244
52,Melilla,2003,332,27955,12,84201.80722891567
52,Melilla,2004,1184,103223,12,87181.58783783784
52,Melilla,2005,1130,106379,12,94140.70796460177
52,Melilla,2006,1308,135361,12,103487.00305810398
52,Melilla,2007,1451,193475,12,133339.07649896623
52,Melilla,2008,1001,128580,12,128451.54845154846
52,Melilla,2009,659,98917,12,150101.66919575114
52,Melilla,2010,880,102766,12,116779.54545454546
52,Melilla,2011,584,71026,12,121619.86301369863
52,Melilla,2012,589,110139,12,186993.2088285229
52,Melilla,2013,259,32909,12,127061.77606177607
52,Melilla,2014,392,40863,12,104242.3469387755
52,Melilla,2015,528,74986,12,142018.9393939394
52,Melilla,2016,458,54406,12,118790.39301310043
52,Melilla,2017,400,49926,12,124815
52,Melilla,2018,491,63277,12,128873.72708757638
52,Melilla,2019,379,45697,12,120572.55936675462
52,Melilla,2020,375,50581,12,134882.66666666666
52,Melilla,2021,566,75919,12,134132.50883392227
52,Melilla,2022,575,81844,12,142337.39130434784
52,Melilla,2023,383,51921,12,135563.96866840732
52,Melilla,2024,406,57962,12,142763.54679802957
52,Melilla,2025,476,69345,12,145682.7731092437
52,Melilla,2026,115,19946,2,173443.47826086957
