cod_provincia,provincia,anio,precio_vivienda_libre_eur_m2,trimestres_disponibles
01,Araba/Álava,1995,860.8,4
01,Araba/Álava,1996,923.725,4
01,Araba/Álava,1997,1013.65,4
01,Araba/Álava,1998,1151.875,4
01,Araba/Álava,1999,1392.325,4
01,Araba/Álava,2000,1475.25,4
01,Araba/Álava,2001,1653.375,4
01,Araba/Álava,2002,1833.9,4
01,Araba/Álava,2003,1978.55,4
01,Araba/Álava,2004,2210.2,4
01,Araba/Álava,2005,2387.925,4
01,Araba/Álava,2006,2517.3,4
01,Araba/Álava,2007,2516.675,4
01,Araba/Álava,2008,2467.575,4
01,Araba/Álava,2009,2305.9,4
01,Araba/Álava,2010,2259.275,4
01,Araba/Álava,2011,2201.95,4
01,Araba/Álava,2012,2202.75,4
01,Araba/Álava,2013,2083.35,4
01,Araba/Álava,2014,1992.95,4
01,Araba/Álava,2015,1976.25,4
01,Araba/Álava,2016,1903.35,4
01,Araba/Álava,2017,1921.8249999999998,4
01,Araba/Álava,2018,1914.275,4
01,Araba/Álava,2019,1959.55,4
01,Araba/Álava,2020,1946.1,4
01,Araba/Álava,2021,2009.8,4
01,Araba/Álava,2022,2028.9,4
01,Araba/Álava,2023,2087.375,4
01,Araba/Álava,2024,2133.075,4
01,Araba/Álava,2025,2336.175,4
02,Albacete,1995,438.95,4
02,Albacete,1996,446.025,4
02,Albacete,1997,464.575,4
02,Albacete,1998,487.725,4
02,Albacete,1999,530.05,4
02,Albacete,2000,563.6,4
02,Albacete,2001,636.175,4
02,Albacete,2002,728.675,4
02,Albacete,2003,792.75,4
02,Albacete,2004,905.15,4
02,Albacete,2005,1160.175,4
02,Albacete,2006,1265.975,4
02,Albacete,2007,1343.2,4
02,Albacete,2008,1333.2,4
02,Albacete,2009,1179.175,4
02,Albacete,2010,1225.35,4
02,Albacete,2011,1177.675,4
02,Albacete,2012,1093.25,4
02,Albacete,2013,984.1,4
02,Albacete,2014,934.625,4
02,Albacete,2015,958.95,4
02,Albacete,2016,940.125,4
02,Albacete,2017,926.375,4
02,Albacete,2018,915.3,4
02,Albacete,2019,927.025,4
02,Albacete,2020,899.575,4
02,Albacete,2021,909.775,4
02,Albacete,2022,930.8,4
02,Albacete,2023,967.6999999999999,4
02,Albacete,2024,1011.05,4
02,Albacete,2025,1102.1750000000002,4
03,Alacant/Alicante,1995,475.875,4
03,Alacant/Alicante,1996,492.29999999999995,4
03,Alacant/Alicante,1997,512.125,4
03,Alacant/Alicante,1998,565.175,4
03,Alacant/Alicante,1999,642.925,4
03,Alacant/Alicante,2000,742.775,4
03,Alacant/Alicante,2001,863.5,4
03,Alacant/Alicante,2002,1026.85,4
03,Alacant/Alicante,2003,1202.55,4
03,Alacant/Alicante,2004,1372.95,4
03,Alacant/Alicante,2005,1581,4
03,Alacant/Alicante,2006,1691.4499999999998,4
03,Alacant/Alicante,2007,1736.3000000000002,4
03,Alacant/Alicante,2008,1722.075,4
03,Alacant/Alicante,2009,1544.075,4
03,Alacant/Alicante,2010,1440.25,4
03,Alacant/Alicante,2011,1374.25,4
03,Alacant/Alicante,2012,1262.775,4
03,Alacant/Alicante,2013,1215.625,4
03,Alacant/Alicante,2014,1207.775,4
03,Alacant/Alicante,2015,1229.525,4
03,Alacant/Alicante,2016,1231.7,4
03,Alacant/Alicante,2017,1243.3,4
03,Alacant/Alicante,2018,1272.075,4
03,Alacant/Alicante,2019,1312.175,4
03,Alacant/Alicante,2020,1282.8,4
03,Alacant/Alicante,2021,1334,4
03,Alacant/Alicante,2022,1406.525,4
03,Alacant/Alicante,2023,1488.225,4
03,Alacant/Alicante,2024,1596.35,4
03,Alacant/Alicante,2025,1806.4,4
04,Almería,1995,433.8,4
04,Almería,1996,460.5,4
04,Almería,1997,487.525,4
04,Almería,1998,524.1,4
04,Almería,1999,556.85,4
04,Almería,2000,636.35,4
04,Almería,2001,729.85,4
04,Almería,2002,857.7,4
04,Almería,2003,972.85,4
04,Almería,2004,1153.175,4
04,Almería,2005,1356.225,4
04,Almería,2006,1514.125,4
04,Almería,2007,1620.025,4
04,Almería,2008,1674.075,4
04,Almería,2009,1531.625,4
04,Almería,2010,1467.9,4
04,Almería,2011,1375.15,4
04,Almería,2012,1203.275,4
04,Almería,2013,1161.95,4
04,Almería,2014,1106.6,4
04,Almería,2015,1089.025,4
04,Almería,2016,1094.925,4
04,Almería,2017,1092.125,4
04,Almería,2018,1090.625,4
04,Almería,2019,1122.6,4
04,Almería,2020,1103.9,4
04,Almería,2021,1128.675,4
04,Almería,2022,1154.925,4
04,Almería,2023,1183.325,4
04,Almería,2024,1243.6499999999999,4
04,Almería,2025,1342.475,4
05,Ávila,1995,593.675,4
05,Ávila,1996,596.225,4
05,Ávila,1997,604.225,4
05,Ávila,1998,615.6,4
05,Ávila,1999,639.2,4
05,Ávila,2000,691.575,4
05,Ávila,2001,721.825,4
05,Ávila,2002,772.85,4
05,Ávila,2003,858.25,4
05,Ávila,2004,1036.525,4
05,Ávila,2005,1150,4
05,Ávila,2006,1314.95,4
05,Ávila,2007,1410.0500000000002,4
05,Ávila,2008,1410.9,4
05,Ávila,2009,1267.55,4
05,Ávila,2010,1235.65,4
05,Ávila,2011,1163.625,4
05,Ávila,2012,1127.6000000000001,4
05,Ávila,2013,935.65,4
05,Ávila,2014,864,4
05,Ávila,2015,839.6,4
05,Ávila,2016,856.5250000000001,4
05,Ávila,2017,833.45,4
05,Ávila,2018,832.625,4
05,Ávila,2019,815.975,4
05,Ávila,2020,807.75,4
05,Ávila,2021,824.425,4
05,Ávila,2022,862,4
05,Ávila,2023,875.5999999999999,4
05,Ávila,2024,939.375,4
05,Ávila,2025,1040.9,4
06,Badajoz,1995,388.725,4
06,Badajoz,1996,404.775,4
06,Badajoz,1997,399.8,4
06,Badajoz,1998,415.85,4
06,Badajoz,1999,446.45,4
06,Badajoz,2000,483.4,4
06,Badajoz,2001,526.725,4
06,Badajoz,2002,579.725,4
06,Badajoz,2003,647.7,4
06,Badajoz,2004,740.275,4
06,Badajoz,2005,846.625,4
06,Badajoz,2006,936.825,4
06,Badajoz,2007,1031.15,4
06,Badajoz,2008,1050.175,4
06,Badajoz,2009,1034.625,4
06,Badajoz,2010,1017.1,4
06,Badajoz,2011,962.625,4
06,Badajoz,2012,888.5,4
06,Badajoz,2013,885.85,4
06,Badajoz,2014,854.7,4
06,Badajoz,2015,879.975,4
06,Badajoz,2016,874.15,4
06,Badajoz,2017,858.925,4
06,Badajoz,2018,865.85,4
06,Badajoz,2019,864.6,4
06,Badajoz,2020,861.3999999999999,4
06,Badajoz,2021,859.775,4
06,Badajoz,2022,888.8,4
06,Badajoz,2023,900.8,4
06,Badajoz,2024,924.775,4
06,Badajoz,2025,948.05,4
07,Illes Balears,1995,592.1,4
07,Illes Balears,1996,603.45,4
07,Illes Balears,1997,642.65,4
07,Illes Balears,1998,748.525,4
07,Illes Balears,1999,940.4,4
07,Illes Balears,2000,1145.45,4
07,Illes Balears,2001,1332.6,4
07,Illes Balears,2002,1456.9,4
07,Illes Balears,2003,1586.825,4
07,Illes Balears,2004,1746.525,4
07,Illes Balears,2005,1972.25,4
07,Illes Balears,2006,2199.725,4
07,Illes Balears,2007,2367.45,4
07,Illes Balears,2008,2409.525,4
07,Illes Balears,2009,2192.85,4
07,Illes Balears,2010,2093.35,4
07,Illes Balears,2011,1990.85,4
07,Illes Balears,2012,1839.575,4
07,Illes Balears,2013,1857.625,4
07,Illes Balears,2014,1895.85,4
07,Illes Balears,2015,1943.775,4
07,Illes Balears,2016,2051.7,4
07,Illes Balears,2017,2132.2999999999997,4
07,Illes Balears,2018,2239.55,4
07,Illes Balears,2019,2360.8,4
07,Illes Balears,2020,2372.9,4
07,Illes Balears,2021,2462.275,4
07,Illes Balears,2022,2653.925,4
07,Illes Balears,2023,2887.575,4
07,Illes Balears,2024,3167.0249999999996,4
07,Illes Balears,2025,3609.125,4
08,Barcelona,1995,878.525,4
08,Barcelona,1996,894.825,4
08,Barcelona,1997,926.425,4
08,Barcelona,1998,997.15,4
08,Barcelona,1999,1138.125,4
08,Barcelona,2000,1297.075,4
08,Barcelona,2001,1466.9,4
08,Barcelona,2002,1581.75,4
08,Barcelona,2003,1770.075,4
08,Barcelona,2004,2059.075,4
08,Barcelona,2005,2271.15,4
08,Barcelona,2006,2549.25,4
08,Barcelona,2007,2697.325,4
08,Barcelona,2008,2770.5,4
08,Barcelona,2009,2590.975,4
08,Barcelona,2010,2510.875,4
08,Barcelona,2011,2357.575,4
08,Barcelona,2012,2104.45,4
08,Barcelona,2013,1915.075,4
08,Barcelona,2014,1884.525,4
08,Barcelona,2015,1908.575,4
08,Barcelona,2016,2027.4750000000001,4
08,Barcelona,2017,2157.3250000000003,4
08,Barcelona,2018,2300.525,4
08,Barcelona,2019,2406.475,4
08,Barcelona,2020,2372.425,4
08,Barcelona,2021,2410.7000000000003,4
08,Barcelona,2022,2520.2999999999997,4
08,Barcelona,2023,2577.35,4
08,Barcelona,2024,2692.8,4
08,Barcelona,2025,2962.45,4
09,Burgos,1995,719.65,4
09,Burgos,1996,733.95,4
09,Burgos,1997,760.7,4
09,Burgos,1998,831.075,4
09,Burgos,1999,928.25,4
09,Burgos,2000,1070.475,4
09,Burgos,2001,1126.2,4
09,Burgos,2002,1188.925,4
09,Burgos,2003,1267.7,4
09,Burgos,2004,1403.7,4
09,Burgos,2005,1497.25,4
09,Burgos,2006,1686,4
09,Burgos,2007,1780.95,4
09,Burgos,2008,1766.65,4
09,Burgos,2009,1653.825,4
09,Burgos,2010,1673.15,4
09,Burgos,2011,1508.025,4
09,Burgos,2012,1357.05,4
09,Burgos,2013,1244.625,4
09,Burgos,2014,1145.225,4
09,Burgos,2015,1149.85,4
09,Burgos,2016,1120.075,4
09,Burgos,2017,1125.45,4
09,Burgos,2018,1116.9499999999998,4
09,Burgos,2019,1130.075,4
09,Burgos,2020,1110.225,4
09,Burgos,2021,1123.15,4
09,Burgos,2022,1162.875,4
09,Burgos,2023,1149.6999999999998,4
09,Burgos,2024,1197.875,4
09,Burgos,2025,1311.6,4
10,Cáceres,1995,416.4,4
10,Cáceres,1996,426.425,4
10,Cáceres,1997,428.35,4
10,Cáceres,1998,448.975,4
10,Cáceres,1999,466.07500000000005,4
10,Cáceres,2000,498.375,4
10,Cáceres,2001,565.125,4
10,Cáceres,2002,624.675,4
10,Cáceres,2003,691.625,4
10,Cáceres,2004,787.4,4
10,Cáceres,2005,899.725,4
10,Cáceres,2006,948.675,4
10,Cáceres,2007,981.05,4
10,Cáceres,2008,982.425,4
10,Cáceres,2009,954.075,4
10,Cáceres,2010,965.525,4
10,Cáceres,2011,1029.15,4
10,Cáceres,2012,936.2,4
10,Cáceres,2013,880.375,4
10,Cáceres,2014,830.375,4
10,Cáceres,2015,828.825,4
10,Cáceres,2016,861.65,4
10,Cáceres,2017,860.7,4
10,Cáceres,2018,851.15,4
10,Cáceres,2019,850.325,4
10,Cáceres,2020,844.1,4
10,Cáceres,2021,835.75,4
10,Cáceres,2022,838.55,4
10,Cáceres,2023,844.4,4
10,Cáceres,2024,862.125,4
10,Cáceres,2025,894.8,4
11,Cádiz,1995,503.475,4
11,Cádiz,1996,505.275,4
11,Cádiz,1997,515.425,4
11,Cádiz,1998,548.7,4
11,Cádiz,1999,584.15,4
11,Cádiz,2000,644.2,4
11,Cádiz,2001,738.625,4
11,Cádiz,2002,872.0749999999999,4
11,Cádiz,2003,1048.225,4
11,Cádiz,2004,1299.225,4
11,Cádiz,2005,1538.725,4
11,Cádiz,2006,1719.525,4
11,Cádiz,2007,1841.775,4
11,Cádiz,2008,1922.325,4
11,Cádiz,2009,1834.375,4
11,Cádiz,2010,1738.875,4
11,Cádiz,2011,1661.85,4
11,Cádiz,2012,1512.975,4
11,Cádiz,2013,1340.475,4
11,Cádiz,2014,1301.6999999999998,4
11,Cádiz,2015,1303.475,4
11,Cádiz,2016,1279.9,4
11,Cádiz,2017,1281.65,4
11,Cádiz,2018,1307.075,4
11,Cádiz,2019,1351.075,4
11,Cádiz,2020,1357.075,4
11,Cádiz,2021,1402.725,4
11,Cádiz,2022,1455.075,4
11,Cádiz,2023,1533.25,4
11,Cádiz,2024,1639.05,4
11,Cádiz,2025,1811.975,4
12,Castelló/Castellón,1995,460.1,4
12,Castelló/Castellón,1996,489.8,4
12,Castelló/Castellón,1997,507.225,4
12,Castelló/Castellón,1998,544.775,4
12,Castelló/Castellón,1999,599.375,4
12,Castelló/Castellón,2000,683.675,4
12,Castelló/Castellón,2001,759.45,4
12,Castelló/Castellón,2002,901.0999999999999,4
12,Castelló/Castellón,2003,1059.5,4
12,Castelló/Castellón,2004,1250.3,4
12,Castelló/Castellón,2005,1474.95,4
12,Castelló/Castellón,2006,1646.225,4
12,Castelló/Castellón,2007,1733.6000000000001,4
12,Castelló/Castellón,2008,1717.375,4
12,Castelló/Castellón,2009,1574.25,4
12,Castelló/Castellón,2010,1514.425,4
12,Castelló/Castellón,2011,1416.125,4
12,Castelló/Castellón,2012,1264.425,4
12,Castelló/Castellón,2013,1124.525,4
12,Castelló/Castellón,2014,1052.975,4
12,Castelló/Castellón,2015,1052.55,4
12,Castelló/Castellón,2016,1051.275,4
12,Castelló/Castellón,2017,1041.875,4
12,Castelló/Castellón,2018,1042.875,4
12,Castelló/Castellón,2019,1071.35,4
12,Castelló/Castellón,2020,1043.4,4
12,Castelló/Castellón,2021,1069.6,4
12,Castelló/Castellón,2022,1076.75,4
12,Castelló/Castellón,2023,1112.075,4
12,Castelló/Castellón,2024,1168.85,4
12,Castelló/Castellón,2025,1298.85,4
13,Ciudad Real,1995,447.225,4
13,Ciudad Real,1996,434.925,4
13,Ciudad Real,1997,434.95,4
13,Ciudad Real,1998,427.5,4
13,Ciudad Real,1999,452.025,4
13,Ciudad Real,2000,489.04999999999995,4
13,Ciudad Real,2001,541.95,4
13,Ciudad Real,2002,606.15,4
13,Ciudad Real,2003,672.9,4
13,Ciudad Real,2004,730.875,4
13,Ciudad Real,2005,875.275,4
13,Ciudad Real,2006,1007.625,4
13,Ciudad Real,2007,1069.35,4
13,Ciudad Real,2008,1069.225,4
13,Ciudad Real,2009,973.075,4
13,Ciudad Real,2010,992.7750000000001,4
13,Ciudad Real,2011,977.95,4
13,Ciudad Real,2012,938.225,4
13,Ciudad Real,2013,832.9,4
13,Ciudad Real,2014,785.925,4
13,Ciudad Real,2015,783.875,4
13,Ciudad Real,2016,780.575,4
13,Ciudad Real,2017,769.65,4
13,Ciudad Real,2018,756.925,4
13,Ciudad Real,2019,737.05,4
13,Ciudad Real,2020,721.8249999999999,4
13,Ciudad Real,2021,715.1,4
13,Ciudad Real,2022,727.575,4
13,Ciudad Real,2023,715.8249999999999,4
13,Ciudad Real,2024,721.675,4
13,Ciudad Real,2025,761.525,4
14,Córdoba,1995,510.15,4
14,Córdoba,1996,482.225,4
14,Córdoba,1997,481.65,4
14,Córdoba,1998,490.975,4
14,Córdoba,1999,515.45,4
14,Córdoba,2000,557.35,4
14,Córdoba,2001,629,4
14,Córdoba,2002,722.75,4
14,Córdoba,2003,826.125,4
14,Córdoba,2004,999.9749999999999,4
14,Córdoba,2005,1207.875,4
14,Córdoba,2006,1400.1750000000002,4
14,Córdoba,2007,1522.525,4
14,Córdoba,2008,1532.875,4
14,Córdoba,2009,1442.025,4
14,Córdoba,2010,1348.55,4
14,Córdoba,2011,1340,4
14,Córdoba,2012,1322.25,4
14,Córdoba,2013,1201.575,4
14,Córdoba,2014,1134.55,4
14,Córdoba,2015,1154.525,4
14,Córdoba,2016,1143.9250000000002,4
14,Córdoba,2017,1133.775,4
14,Córdoba,2018,1144.35,4
14,Córdoba,2019,1148.275,4
14,Córdoba,2020,1125.6,4
14,Córdoba,2021,1098.4499999999998,4
14,Córdoba,2022,1117.875,4
14,Córdoba,2023,1108.8000000000002,4
14,Córdoba,2024,1135.025,4
14,Córdoba,2025,1201.8,4
15,A Coruña,1995,678.275,4
15,A Coruña,1996,686.125,4
15,A Coruña,1997,665.75,4
15,A Coruña,1998,714.075,4
15,A Coruña,1999,701.825,4
15,A Coruña,2000,757.425,4
15,A Coruña,2001,810.975,4
15,A Coruña,2002,854.075,4
15,A Coruña,2003,973.45,4
15,A Coruña,2004,1100.35,4
15,A Coruña,2005,1217.025,4
15,A Coruña,2006,1396.2,4
15,A Coruña,2007,1513.45,4
15,A Coruña,2008,1557.1,4
15,A Coruña,2009,1432.8,4
15,A Coruña,2010,1446.775,4
15,A Coruña,2011,1401.975,4
15,A Coruña,2012,1314.225,4
15,A Coruña,2013,1214.2250000000001,4
15,A Coruña,2014,1184.8,4
15,A Coruña,2015,1195.05,4
15,A Coruña,2016,1220.625,4
15,A Coruña,2017,1222.825,4
15,A Coruña,2018,1217.3249999999998,4
15,A Coruña,2019,1235.45,4
15,A Coruña,2020,1244.3000000000002,4
15,A Coruña,2021,1265,4
15,A Coruña,2022,1298.35,4
15,A Coruña,2023,1346.475,4
15,A Coruña,2024,1419.8500000000001,4
15,A Coruña,2025,1571.775,4
16,Cuenca,1995,432.575,4
16,Cuenca,1996,475.175,4
16,Cuenca,1997,459.125,4
16,Cuenca,1998,460.675,4
16,Cuenca,1999,477.375,4
16,Cuenca,2000,486.55,4
16,Cuenca,2001,534.225,4
16,Cuenca,2002,580.6,4
16,Cuenca,2003,640.075,4
16,Cuenca,2004,782.725,4
16,Cuenca,2005,923.125,4
16,Cuenca,2006,981.175,4
16,Cuenca,2007,1059.325,4
16,Cuenca,2008,1042.3,4
16,Cuenca,2009,981.075,4
16,Cuenca,2010,994.375,4
16,Cuenca,2011,1031.625,4
16,Cuenca,2012,882.0999999999999,2
16,Cuenca,2013,837.775,4
16,Cuenca,2014,819.3,4
16,Cuenca,2015,802.45,4
16,Cuenca,2016,798.125,4
16,Cuenca,2017,796.375,4
16,Cuenca,2018,777.4000000000001,4
16,Cuenca,2019,774.675,4
16,Cuenca,2020,763.4,4
16,Cuenca,2021,777.45,4
16,Cuenca,2022,782.4000000000001,4
16,Cuenca,2023,770.2249999999999,4
16,Cuenca,2024,788.825,4
16,Cuenca,2025,869.2,4
17,Girona,1995,582.6,4
17,Girona,1996,602.35,4
17,Girona,1997,622.925,4
17,Girona,1998,658.75,4
17,Girona,1999,732.075,4
17,Girona,2000,825.075,4
17,Girona,2001,933.4,4
17,Girona,2002,1079.975,4
17,Girona,2003,1267.675,4
17,Girona,2004,1490.425,4
17,Girona,2005,1744.275,4
17,Girona,2006,1990.875,4
17,Girona,2007,2124.425,4
17,Girona,2008,2170.575,4
17,Girona,2009,2042.475,4
17,Girona,2010,1987.45,4
17,Girona,2011,1876.05,4
17,Girona,2012,1691.125,4
17,Girona,2013,1499.625,4
17,Girona,2014,1435.95,4
17,Girona,2015,1457.2250000000001,4
17,Girona,2016,1471.825,4
17,Girona,2017,1507.6,4
17,Girona,2018,1506.6750000000002,4
17,Girona,2019,1532.85,4
17,Girona,2020,1529.95,4
17,Girona,2021,1583.175,4
17,Girona,2022,1678.6,4
17,Girona,2023,1753.7749999999999,4
17,Girona,2024,1837.35,4
17,Girona,2025,1996.675,4
18,Granada,1995,478.75,4
18,Granada,1996,481.325,4
18,Granada,1997,504.575,4
18,Granada,1998,522.975,4
18,Granada,1999,572.625,4
18,Granada,2000,644.375,4
18,Granada,2001,732.225,4
18,Granada,2002,816.6,4
18,Granada,2003,912.45,4
18,Granada,2004,1044.475,4
18,Granada,2005,1213.725,4
18,Granada,2006,1349.75,4
18,Granada,2007,1479.3,4
18,Granada,2008,1509.725,4
18,Granada,2009,1411.125,4
18,Granada,2010,1343,4
18,Granada,2011,1296.65,4
18,Granada,2012,1201.225,4
18,Granada,2013,1151.325,4
18,Granada,2014,1083.35,4
18,Granada,2015,1068.7,4
18,Granada,2016,1081.15,4
18,Granada,2017,1068.3999999999999,4
18,Granada,2018,1103.375,4
18,Granada,2019,1119.375,4
18,Granada,2020,1108.8249999999998,4
18,Granada,2021,1134.6999999999998,4
18,Granada,2022,1209.25,4
18,Granada,2023,1250.8500000000001,4
18,Granada,2024,1335,4
18,Granada,2025,1496.8,4
19,Guadalajara,1995,654.4,4
19,Guadalajara,1996,642.675,4
19,Guadalajara,1997,647.925,4
19,Guadalajara,1998,682.65,4
19,Guadalajara,1999,706.1,4
19,Guadalajara,2000,759.425,4
19,Guadalajara,2001,843.425,4
19,Guadalajara,2002,1023.2,4
19,Guadalajara,2003,1277.3000000000002,4
19,Guadalajara,2004,1447.75,4
19,Guadalajara,2005,1692.775,4
19,Guadalajara,2006,1883.65,4
19,Guadalajara,2007,1938.525,4
19,Guadalajara,2008,1842.75,4
19,Guadalajara,2009,1654.425,4
19,Guadalajara,2010,1596.025,4
19,Guadalajara,2011,1451.95,4
19,Guadalajara,2012,1310.425,4
19,Guadalajara,2013,1152.95,4
19,Guadalajara,2014,1064.625,4
19,Guadalajara,2015,1018.55,4
19,Guadalajara,2016,1013.95,4
19,Guadalajara,2017,1053.325,4
19,Guadalajara,2018,1080.8,4
19,Guadalajara,2019,1112.8,4
19,Guadalajara,2020,1113.4,4
19,Guadalajara,2021,1126.875,4
19,Guadalajara,2022,1209.5249999999999,4
19,Guadalajara,2023,1273.925,4
19,Guadalajara,2024,1359.05,4
19,Guadalajara,2025,1531.9499999999998,4
20,Gipuzkoa,1995,991.5250000000001,4
20,Gipuzkoa,1996,1006.525,4
20,Gipuzkoa,1997,978.475,4
20,Gipuzkoa,1998,1014.625,4
20,Gipuzkoa,1999,1186.6,4
20,Gipuzkoa,2000,1524.4,4
20,Gipuzkoa,2001,1712,4
20,Gipuzkoa,2002,1922.65,4
20,Gipuzkoa,2003,2097.75,4
20,Gipuzkoa,2004,2278.5,4
20,Gipuzkoa,2005,2571.45,4
20,Gipuzkoa,2006,2854.375,4
20,Gipuzkoa,2007,2983,4
20,Gipuzkoa,2008,3044.475,4
20,Gipuzkoa,2009,2948.075,4
20,Gipuzkoa,2010,2785.875,4
20,Gipuzkoa,2011,2777.775,4
20,Gipuzkoa,2012,2761.225,4
20,Gipuzkoa,2013,2734.225,4
20,Gipuzkoa,2014,2723,4
20,Gipuzkoa,2015,2677.275,4
20,Gipuzkoa,2016,2614.65,4
20,Gipuzkoa,2017,2661.75,4
20,Gipuzkoa,2018,2645.325,4
20,Gipuzkoa,2019,2689.05,4
20,Gipuzkoa,2020,2682.55,4
20,Gipuzkoa,2021,2746.95,4
20,Gipuzkoa,2022,2834.1,4
20,Gipuzkoa,2023,2891.0499999999997,4
20,Gipuzkoa,2024,2960.1749999999997,4
20,Gipuzkoa,2025,3198.6,4
21,Huelva,1995,510.825,4
21,Huelva,1996,514.975,4
21,Huelva,1997,515.35,4
21,Huelva,1998,546.375,4
21,Huelva,1999,589.975,4
21,Huelva,2000,676.75,4
21,Huelva,2001,808.7,4
21,Huelva,2002,921.125,4
21,Huelva,2003,1071.325,4
21,Huelva,2004,1222.175,4
21,Huelva,2005,1395.35,4
21,Huelva,2006,1559.4,4
21,Huelva,2007,1681.525,4
21,Huelva,2008,1762.55,4
21,Huelva,2009,1633.525,4
21,Huelva,2010,1535.4,4
21,Huelva,2011,1412.75,4
21,Huelva,2012,1318.025,4
21,Huelva,2013,1200.9,4
21,Huelva,2014,1105.625,4
21,Huelva,2015,1080.075,4
21,Huelva,2016,1056.2749999999999,4
21,Huelva,2017,1056.225,4
21,Huelva,2018,1067.75,4
21,Huelva,2019,1089.05,4
21,Huelva,2020,1065.4,4
21,Huelva,2021,1117.75,4
21,Huelva,2022,1168.325,4
21,Huelva,2023,1208.45,4
21,Huelva,2024,1274.475,4
21,Huelva,2025,1384.175,4
22,Huesca,1995,447.675,4
22,Huesca,1996,480,4
22,Huesca,1997,489,4
22,Huesca,1998,520.7,4
22,Huesca,1999,594.95,4
22,Huesca,2000,636.6,4
22,Huesca,2001,731.625,4
22,Huesca,2002,822.975,4
22,Huesca,2003,932.325,4
22,Huesca,2004,1158.225,4
22,Huesca,2005,1369.85,4
22,Huesca,2006,1536.3,4
22,Huesca,2007,1615.225,4
22,Huesca,2008,1656.5,4
22,Huesca,2009,1497.35,4
22,Huesca,2010,1449.15,4
22,Huesca,2011,1455.85,2
22,Huesca,2012,1424.9666666666667,3
22,Huesca,2013,1225.65,4
22,Huesca,2014,1162.15,4
22,Huesca,2015,1176.5,4
22,Huesca,2016,1127.525,4
22,Huesca,2017,1130.65,4
22,Huesca,2018,1132.65,4
22,Huesca,2019,1159.8,4
22,Huesca,2020,1139.15,4
22,Huesca,2021,1153.375,4
22,Huesca,2022,1182.05,4
22,Huesca,2023,1178.2749999999999,4
22,Huesca,2024,1233.1999999999998,4
22,Huesca,2025,1334.125,4
23,Jaén,1995,383.20000000000005,4
23,Jaén,1996,383.59999999999997,4
23,Jaén,1997,392.59999999999997,4
23,Jaén,1998,404.55,4
23,Jaén,1999,439.9,4
23,Jaén,2000,486.1,4
23,Jaén,2001,537.075,4
23,Jaén,2002,597.8,4
23,Jaén,2003,670,4
23,Jaén,2004,769.9000000000001,4
23,Jaén,2005,892.8,4
23,Jaén,2006,1013.575,4
23,Jaén,2007,1085.05,4
23,Jaén,2008,1112.7,4
23,Jaén,2009,1034.875,4
23,Jaén,2010,1049.85,4
23,Jaén,2011,1031.325,4
23,Jaén,2012,922.15,4
23,Jaén,2013,856.4,4
23,Jaén,2014,797.7,4
23,Jaén,2015,817.025,4
23,Jaén,2016,824.0999999999999,4
23,Jaén,2017,811.2750000000001,4
23,Jaén,2018,809.075,4
23,Jaén,2019,799.175,4
23,Jaén,2020,785.925,4
23,Jaén,2021,777.55,4
23,Jaén,2022,794.025,4
23,Jaén,2023,797.05,4
23,Jaén,2024,806.8499999999999,4
23,Jaén,2025,849.025,4
24,León,1995,536.1,4
24,León,1996,534.9000000000001,4
24,León,1997,543.9000000000001,4
24,León,1998,576.2,4
24,León,1999,590,4
24,León,2000,655.875,4
24,León,2001,711.225,4
24,León,2002,777.125,4
24,León,2003,861.55,4
24,León,2004,947.75,4
24,León,2005,1034.65,4
24,León,2006,1133.4,4
24,León,2007,1215.8,4
24,León,2008,1201.75,4
24,León,2009,1167.375,4
24,León,2010,1147.65,4
24,León,2011,1115.85,4
24,León,2012,1019.85,4
24,León,2013,947.175,4
24,León,2014,892.95,4
24,León,2015,879.975,4
24,León,2016,902.15,4
24,León,2017,880.575,4
24,León,2018,875.4749999999999,4
24,León,2019,869.575,4
24,León,2020,860.025,4
24,León,2021,850.575,4
24,León,2022,871.5,4
24,León,2023,879.85,4
24,León,2024,902.275,4
24,León,2025,966.325,4
25,Lleida,1995,491.6,4
25,Lleida,1996,504.25,4
25,Lleida,1997,512.5,4
25,Lleida,1998,534.225,4
25,Lleida,1999,597.0999999999999,4
25,Lleida,2000,653.75,4
25,Lleida,2001,721.675,4
25,Lleida,2002,810.5,4
25,Lleida,2003,926.475,4
25,Lleida,2004,1062.575,4
25,Lleida,2005,1137.7,4
25,Lleida,2006,1297.325,4
25,Lleida,2007,1405.05,4
25,Lleida,2008,1440.6,4
25,Lleida,2009,1356.925,4
25,Lleida,2010,1333.075,4
25,Lleida,2011,1256.6,4
25,Lleida,2012,1152.1999999999998,4
25,Lleida,2013,1014.45,4
25,Lleida,2014,981.4,4
25,Lleida,2015,1013.9,4
25,Lleida,2016,1021.125,4
25,Lleida,2017,1026.0249999999999,4
25,Lleida,2018,1043.7,4
25,Lleida,2019,1019.175,4
25,Lleida,2020,988.2,4
25,Lleida,2021,1014.8000000000001,4
25,Lleida,2022,1053.175,4
25,Lleida,2023,1076.304020191825,4
25,Lleida,2024,1124.367154122675,4
25,Lleida,2025,1190.425,4
26,La Rioja,1995,603.275,4
26,La Rioja,1996,614.85,4
26,La Rioja,1997,617.275,4
26,La Rioja,1998,620.4,4
26,La Rioja,1999,708.125,4
26,La Rioja,2000,795.175,4
26,La Rioja,2001,921.7,4
26,La Rioja,2002,1044.375,4
26,La Rioja,2003,1160.075,4
26,La Rioja,2004,1256.2,4
26,La Rioja,2005,1418.9,4
26,La Rioja,2006,1595.025,4
26,La Rioja,2007,1600.6,4
26,La Rioja,2008,1586.85,4
26,La Rioja,2009,1540.5,4
26,La Rioja,2010,1495.275,4
26,La Rioja,2011,1408.15,4
26,La Rioja,2012,1327.45,4
26,La Rioja,2013,1160.875,4
26,La Rioja,2014,1093.225,4
26,La Rioja,2015,1104.875,4
26,La Rioja,2016,1085.25,4
26,La Rioja,2017,1081.8,4
26,La Rioja,2018,1113.825,4
26,La Rioja,2019,1099.675,4
26,La Rioja,2020,1095.25,4
26,La Rioja,2021,1094.65,4
26,La Rioja,2022,1139.6750000000002,4
26,La Rioja,2023,1190.25,4
26,La Rioja,2024,1232.125,4
26,La Rioja,2025,1334.95,4
27,Lugo,1995,450.2,4
27,Lugo,1996,471.55,4
27,Lugo,1997,473.05,4
27,Lugo,1998,478.9,4
27,Lugo,1999,513.65,4
27,Lugo,2000,539.425,4
27,Lugo,2001,560.775,4
27,Lugo,2002,597,4
27,Lugo,2003,635.35,4
27,Lugo,2004,742.975,4
27,Lugo,2005,832.7,4
27,Lugo,2006,1047.225,4
27,Lugo,2007,1117.35,4
27,Lugo,2008,1127.175,4
27,Lugo,2009,1047.45,4
27,Lugo,2010,1053.85,4
27,Lugo,2011,1061.975,4
27,Lugo,2012,930.125,4
27,Lugo,2013,884.375,4
27,Lugo,2014,814.175,4
27,Lugo,2015,829.4,4
27,Lugo,2016,856.625,4
27,Lugo,2017,851.2249999999999,4
27,Lugo,2018,874.675,4
27,Lugo,2019,849.625,4
27,Lugo,2020,850.6,4
27,Lugo,2021,875.675,4
27,Lugo,2022,895.2750000000001,4
27,Lugo,2023,938.525,4
27,Lugo,2024,977.5250000000001,4
27,Lugo,2025,1071.925,4
28,Madrid,1995,1089.5,4
28,Madrid,1996,1080.975,4
28,Madrid,1997,1053.5,4
28,Madrid,1998,1062.675,4
28,Madrid,1999,1124.825,4
28,Madrid,2000,1251.1,4
28,Madrid,2001,1431.05,4
28,Madrid,2002,1722.9,4
28,Madrid,2003,2065.775,4
28,Madrid,2004,2406.7,4
28,Madrid,2005,2705.725,4
28,Madrid,2006,2911.85,4
28,Madrid,2007,3000.875,4
28,Madrid,2008,2914.15,4
28,Madrid,2009,2665.475,4
28,Madrid,2010,2529.075,4
28,Madrid,2011,2317.05,4
28,Madrid,2012,2078.6,4
28,Madrid,2013,2022.6,4
28,Madrid,2014,2014.575,4
28,Madrid,2015,2074.925,4
28,Madrid,2016,2169.125,4
28,Madrid,2017,2289.55,4
28,Madrid,2018,2484.35,4
28,Madrid,2019,2626.45,4
28,Madrid,2020,2602.5249999999996,4
28,Madrid,2021,2676.25,4
28,Madrid,2022,2876.975,4
28,Madrid,2023,3011.25,4
28,Madrid,2024,3239.95,4
28,Madrid,2025,3685.575,4
29,Málaga,1995,502.6,4
29,Málaga,1996,518.8,4
29,Málaga,1997,541.725,4
29,Málaga,1998,574.65,4
29,Málaga,1999,652.4749999999999,4
29,Málaga,2000,776.575,4
29,Málaga,2001,932.625,4
29,Málaga,2002,1129.3,4
29,Málaga,2003,1413.275,4
29,Málaga,2004,1822.325,4
29,Málaga,2005,1986.625,4
29,Málaga,2006,2192.675,4
29,Málaga,2007,2282.9,4
29,Málaga,2008,2282.55,4
29,Málaga,2009,2017.75,4
29,Málaga,2010,1914.175,4
29,Málaga,2011,1774.15,4
29,Málaga,2012,1618.1000000000001,4
29,Málaga,2013,1502.7,4
29,Málaga,2014,1479.625,4
29,Málaga,2015,1503.3,4
29,Málaga,2016,1555.85,4
29,Málaga,2017,1623.025,4
29,Málaga,2018,1728.925,4
29,Málaga,2019,1811.025,4
29,Málaga,2020,1804.8000000000002,4
29,Málaga,2021,1875.5749999999998,4
29,Málaga,2022,2033.75,4
29,Málaga,2023,2210.575,4
29,Málaga,2024,2422.6,4
29,Málaga,2025,2763.75,4
30,Murcia,1995,426.25,4
30,Murcia,1996,429.97499999999997,4
30,Murcia,1997,443.95000000000005,4
30,Murcia,1998,475.9,4
30,Murcia,1999,509.77500000000003,4
30,Murcia,2000,573.4,4
30,Murcia,2001,664.375,4
30,Murcia,2002,776.45,4
30,Murcia,2003,914.575,4
30,Murcia,2004,1153.925,4
30,Murcia,2005,1326.225,4
30,Murcia,2006,1449.175,4
30,Murcia,2007,1585.475,4
30,Murcia,2008,1582.475,4
30,Murcia,2009,1395.95,4
30,Murcia,2010,1354.175,4
30,Murcia,2011,1247.425,4
30,Murcia,2012,1136.55,4
30,Murcia,2013,1043.35,4
30,Murcia,2014,996.6,4
30,Murcia,2015,988.325,4
30,Murcia,2016,981.9499999999999,4
30,Murcia,2017,975.775,4
30,Murcia,2018,979.075,4
30,Murcia,2019,990.95,4
30,Murcia,2020,966.55,4
30,Murcia,2021,998.5,4
30,Murcia,2022,1029.35,4
30,Murcia,2023,1057.3999999999999,4
30,Murcia,2024,1106.875,4
30,Murcia,2025,1209.65,4
31,Navarra,1995,736.6,4
31,Navarra,1996,746.95,4
31,Navarra,1997,787.925,4
31,Navarra,1998,811.65,4
31,Navarra,1999,875.225,4
31,Navarra,2000,1013.7750000000001,4
31,Navarra,2001,1127.475,4
31,Navarra,2002,1215.925,4
31,Navarra,2003,1313.55,4
31,Navarra,2004,1410.8,4
31,Navarra,2005,1556.05,4
31,Navarra,2006,1663.5,4
31,Navarra,2007,1705.225,4
31,Navarra,2008,1748.475,4
31,Navarra,2009,1635.725,4
31,Navarra,2010,1547.275,4
31,Navarra,2011,1446.35,4
31,Navarra,2012,1379.125,4
31,Navarra,2013,1396,4
31,Navarra,2014,1320.675,4
31,Navarra,2019,1434.2,4
31,Navarra,2020,1408.7,4
31,Navarra,2021,1428.675,4
31,Navarra,2022,1519.8,4
31,Navarra,2023,1579,4
31,Navarra,2024,1654.625,4
31,Navarra,2025,1789.875,4
32,Ourense,1995,584.925,4
32,Ourense,1996,579.425,4
32,Ourense,1997,611.95,4
32,Ourense,1998,639.95,4
32,Ourense,1999,657.9,4
32,Ourense,2000,706.25,4
32,Ourense,2001,753.375,4
32,Ourense,2002,807.025,4
32,Ourense,2003,835.025,4
32,Ourense,2004,869.95,4
32,Ourense,2005,945.4,4
32,Ourense,2006,1054.225,4
32,Ourense,2007,1107.1,4
32,Ourense,2008,1150.075,4
32,Ourense,2009,1097.15,4
32,Ourense,2010,1167.2,4
32,Ourense,2011,1118.875,4
32,Ourense,2012,1035.9666666666667,3
32,Ourense,2013,976,4
32,Ourense,2014,949.35,4
32,Ourense,2015,961.85,4
32,Ourense,2016,949.275,4
32,Ourense,2017,938.575,4
32,Ourense,2018,937.6500000000001,4
32,Ourense,2019,950.5500000000001,4
32,Ourense,2020,923.8,4
32,Ourense,2021,896.8,4
32,Ourense,2022,928.05,4
32,Ourense,2023,947.55,4
32,Ourense,2024,955.15,4
32,Ourense,2025,1019.75,4
33,Asturias,1995,643.325,4
33,Asturias,1996,668.975,4
33,Asturias,1997,682.525,4
33,Asturias,1998,712.075,4
33,Asturias,1999,773.65,4
33,Asturias,2000,855.525,4
33,Asturias,2001,940.65,4
33,Asturias,2002,1046.375,4
33,Asturias,2003,1161.375,4
33,Asturias,2004,1313,4
33,Asturias,2005,1461.35,4
33,Asturias,2006,1604.625,4
33,Asturias,2007,1722.925,4
33,Asturias,2008,1769.8,4
33,Asturias,2009,1615.95,4
33,Asturias,2010,1634.875,4
33,Asturias,2011,1588.75,4
33,Asturias,2012,1503.15,4
33,Asturias,2013,1372.95,4
33,Asturias,2014,1309.925,4
33,Asturias,2015,1270.55,4
33,Asturias,2016,1275.35,4
33,Asturias,2017,1275.375,4
33,Asturias,2018,1271.975,4
33,Asturias,2019,1279.225,4
33,Asturias,2020,1264.0500000000002,4
33,Asturias,2021,1285.825,4
33,Asturias,2022,1305.5249999999999,4
33,Asturias,2023,1352,4
33,Asturias,2024,1418.025,4
33,Asturias,2025,1600.75,4
34,Palencia,1995,545.375,4
34,Palencia,1996,551.325,4
34,Palencia,1997,568.6,4
34,Palencia,1998,596.25,4
34,Palencia,1999,632.55,4
34,Palencia,2000,699.275,4
34,Palencia,2001,750.875,4
34,Palencia,2002,847.45,4
34,Palencia,2003,893.125,4
34,Palencia,2004,949.45,4
34,Palencia,2005,1029.05,4
34,Palencia,2006,1185.6,4
34,Palencia,2007,1269.075,4
34,Palencia,2008,1275.75,4
34,Palencia,2009,1211.8,4
34,Palencia,2010,1195.95,4
34,Palencia,2011,1186.925,4
34,Palencia,2012,1124.25,2
34,Palencia,2013,1051.975,4
34,Palencia,2014,1017.05,4
34,Palencia,2015,1047.025,4
34,Palencia,2016,1027.3999999999999,4
34,Palencia,2017,1004.8,4
34,Palencia,2018,994.75,4
34,Palencia,2019,970.05,4
34,Palencia,2020,943.125,4
34,Palencia,2021,906.85,4
34,Palencia,2022,924.85,4
34,Palencia,2023,947.6500000000001,4
34,Palencia,2024,945.7750000000001,4
34,Palencia,2025,991.0999999999999,4
35,Las Palmas,1995,600.75,4
35,Las Palmas,1996,629.625,4
35,Las Palmas,1997,692.025,4
35,Las Palmas,1998,760.55,4
35,Las Palmas,1999,880.35,4
35,Las Palmas,2000,1008.95,4
35,Las Palmas,2001,1141.8,4
35,Las Palmas,2002,1236.925,4
35,Las Palmas,2003,1342.825,4
35,Las Palmas,2004,1443.75,4
35,Las Palmas,2005,1587.85,4
35,Las Palmas,2006,1734.375,4
35,Las Palmas,2007,1846.075,4
35,Las Palmas,2008,1862.575,4
35,Las Palmas,2009,1727.325,4
35,Las Palmas,2010,1617.05,4
35,Las Palmas,2011,1496.6999999999998,4
35,Las Palmas,2012,1340.125,4
35,Las Palmas,2013,1322.825,4
35,Las Palmas,2014,1325.375,4
35,Las Palmas,2015,1363.95,4
35,Las Palmas,2016,1429.5249999999999,4
35,Las Palmas,2017,1499.575,4
35,Las Palmas,2018,1562.45,4
35,Las Palmas,2019,1609.075,4
35,Las Palmas,2020,1584.7749999999999,4
35,Las Palmas,2021,1615.625,4
35,Las Palmas,2022,1694.575,4
35,Las Palmas,2023,1767,4
35,Las Palmas,2024,1858.025,4
35,Las Palmas,2025,2048.65,4
36,Pontevedra,1995,587.65,4
36,Pontevedra,1996,573.9000000000001,4
36,Pontevedra,1997,600.125,4
36,Pontevedra,1998,624.475,4
36,Pontevedra,1999,665.025,4
36,Pontevedra,2000,730.9,4
36,Pontevedra,2001,807.65,4
36,Pontevedra,2002,913.15,4
36,Pontevedra,2003,1006.15,4
36,Pontevedra,2004,1144.05,4
36,Pontevedra,2005,1347.45,4
36,Pontevedra,2006,1556.625,4
36,Pontevedra,2007,1688.95,4
36,Pontevedra,2008,1705.375,4
36,Pontevedra,2009,1644.35,4
36,Pontevedra,2010,1590.675,4
36,Pontevedra,2011,1482.15,4
36,Pontevedra,2012,1293.175,4
36,Pontevedra,2013,1268.9,4
36,Pontevedra,2014,1245.75,4
36,Pontevedra,2015,1216.825,4
36,Pontevedra,2016,1229.4,4
36,Pontevedra,2017,1229,4
36,Pontevedra,2018,1238.875,4
36,Pontevedra,2019,1262.425,4
36,Pontevedra,2020,1262.25,4
36,Pontevedra,2021,1284.65,4
36,Pontevedra,2022,1351.075,4
36,Pontevedra,2023,1396.025,4
36,Pontevedra,2024,1486.6,4
36,Pontevedra,2025,1636.8,4
37,Salamanca,1995,639.775,4
37,Salamanca,1996,626.5,4
37,Salamanca,1997,674.725,4
37,Salamanca,1998,696.65,4
37,Salamanca,1999,740.25,4
37,Salamanca,2000,813.1,4
37,Salamanca,2001,888.975,4
37,Salamanca,2002,936.2,4
37,Salamanca,2003,1042.675,4
37,Salamanca,2004,1225.675,4
37,Salamanca,2005,1383.95,4
37,Salamanca,2006,1500.55,4
37,Salamanca,2007,1583.075,4
37,Salamanca,2008,1588.575,4
37,Salamanca,2009,1469.325,4
37,Salamanca,2010,1440.75,4
37,Salamanca,2011,1400.55,4
37,Salamanca,2012,1305.3,4
37,Salamanca,2013,1226.85,4
37,Salamanca,2014,1183.75,4
37,Salamanca,2015,1206.125,4
37,Salamanca,2016,1203.4,4
37,Salamanca,2017,1194.75,4
37,Salamanca,2018,1170.0249999999999,4
37,Salamanca,2019,1183.725,4
37,Salamanca,2020,1185.5,4
37,Salamanca,2021,1162.625,4
37,Salamanca,2022,1192.8000000000002,4
37,Salamanca,2023,1199.025,4
37,Salamanca,2024,1217.55,4
37,Salamanca,2025,1334.075,4
38,Santa Cruz de Tenerife,1995,584.875,4
38,Santa Cruz de Tenerife,1996,606,4
38,Santa Cruz de Tenerife,1997,646.775,4
38,Santa Cruz de Tenerife,1998,706.825,4
38,Santa Cruz de Tenerife,1999,791.025,4
38,Santa Cruz de Tenerife,2000,909.975,4
38,Santa Cruz de Tenerife,2001,1013.775,4
38,Santa Cruz de Tenerife,2002,1101.75,4
38,Santa Cruz de Tenerife,2003,1227.475,4
38,Santa Cruz de Tenerife,2004,1370.95,4
38,Santa Cruz de Tenerife,2005,1539.1,4
38,Santa Cruz de Tenerife,2006,1646.1,4
38,Santa Cruz de Tenerife,2007,1729.775,4
38,Santa Cruz de Tenerife,2008,1712.575,4
38,Santa Cruz de Tenerife,2009,1586.45,4
38,Santa Cruz de Tenerife,2010,1510.8,4
38,Santa Cruz de Tenerife,2011,1484.275,4
38,Santa Cruz de Tenerife,2012,1374.475,4
38,Santa Cruz de Tenerife,2013,1232.6750000000002,4
38,Santa Cruz de Tenerife,2014,1220.175,4
38,Santa Cruz de Tenerife,2015,1261.95,4
38,Santa Cruz de Tenerife,2016,1274.95,4
38,Santa Cruz de Tenerife,2017,1317.75,4
38,Santa Cruz de Tenerife,2018,1371.775,4
38,Santa Cruz de Tenerife,2019,1429.8249999999998,4
38,Santa Cruz de Tenerife,2020,1427.5249999999999,4
38,Santa Cruz de Tenerife,2021,1452.6,4
38,Santa Cruz de Tenerife,2022,1515.6750000000002,4
38,Santa Cruz de Tenerife,2023,1654.925,4
38,Santa Cruz de Tenerife,2024,1806.4,4
38,Santa Cruz de Tenerife,2025,2040.1000000000001,4
39,Cantabria,1995,737.825,4
39,Cantabria,1996,745.525,4
39,Cantabria,1997,764.175,4
39,Cantabria,1998,771.4749999999999,4
39,Cantabria,1999,821.775,4
39,Cantabria,2000,920.8249999999999,4
39,Cantabria,2001,1080.7,4
39,Cantabria,2002,1226.3999999999999,4
39,Cantabria,2003,1363.975,4
39,Cantabria,2004,1512.525,4
39,Cantabria,2005,1686.7,4
39,Cantabria,2006,1906.575,4
39,Cantabria,2007,2039.25,4
39,Cantabria,2008,2024.25,4
39,Cantabria,2009,1832.15,4
39,Cantabria,2010,1855.5,4
39,Cantabria,2011,1782.575,4
39,Cantabria,2012,1716.55,4
39,Cantabria,2013,1538.725,4
39,Cantabria,2014,1496.725,4
39,Cantabria,2015,1477.9,4
39,Cantabria,2016,1465.525,4
39,Cantabria,2017,1478.625,4
39,Cantabria,2018,1448.7250000000001,4
39,Cantabria,2019,1465.925,4
39,Cantabria,2020,1437.4,4
39,Cantabria,2021,1464.4,4
39,Cantabria,2022,1511.1499999999999,4
39,Cantabria,2023,1547.1,4
39,Cantabria,2024,1654.675,4
39,Cantabria,2025,1885.5749999999998,4
40,Segovia,1995,633.975,4
40,Segovia,1996,653.575,4
40,Segovia,1997,649.75,4
40,Segovia,1998,686.375,4
40,Segovia,1999,708.6,4
40,Segovia,2000,743.35,4
40,Segovia,2001,831.775,4
40,Segovia,2002,935.35,4
40,Segovia,2003,1061.125,4
40,Segovia,2004,1244.45,4
40,Segovia,2005,1361.1,4
40,Segovia,2006,1488.85,4
40,Segovia,2007,1585.4,4
40,Segovia,2008,1580.825,4
40,Segovia,2009,1459.225,4
40,Segovia,2010,1412.85,4
40,Segovia,2011,1319.55,4
40,Segovia,2012,1219.3333333333333,3
40,Segovia,2013,1108.875,4
40,Segovia,2014,1055.975,4
40,Segovia,2015,1014.7,4
40,Segovia,2016,980.7,4
40,Segovia,2017,978.275,4
40,Segovia,2018,980.5,4
40,Segovia,2019,975.575,4
40,Segovia,2020,973.675,4
40,Segovia,2021,977.95,4
40,Segovia,2022,1042.025,4
40,Segovia,2023,1110.3500000000001,4
40,Segovia,2024,1164.65,4
40,Segovia,2025,1316.375,4
41,Sevilla,1995,502.79999999999995,4
41,Sevilla,1996,501.075,4
41,Sevilla,1997,510.075,4
41,Sevilla,1998,534.3,4
41,Sevilla,1999,573.075,4
41,Sevilla,2000,641.2249999999999,4
41,Sevilla,2001,748.85,4
41,Sevilla,2002,869.975,4
41,Sevilla,2003,1021.2,4
41,Sevilla,2004,1281.775,4
41,Sevilla,2005,1453.875,4
41,Sevilla,2006,1600.475,4
41,Sevilla,2007,1708.125,4
41,Sevilla,2008,1777.325,4
41,Sevilla,2009,1710.275,4
41,Sevilla,2010,1647.875,4
41,Sevilla,2011,1576.4,4
41,Sevilla,2012,1413.925,4
41,Sevilla,2013,1296,4
41,Sevilla,2014,1257.55,4
41,Sevilla,2015,1271.35,4
41,Sevilla,2016,1230.225,4
41,Sevilla,2017,1253.375,4
41,Sevilla,2018,1266.625,4
41,Sevilla,2019,1312.4,4
41,Sevilla,2020,1316.05,4
41,Sevilla,2021,1340.025,4
41,Sevilla,2022,1398.55,4
41,Sevilla,2023,1493.25,4
41,Sevilla,2024,1562.025,4
41,Sevilla,2025,1698.15,4
42,Soria,1995,718.075,4
42,Soria,1996,707.775,4
42,Soria,1997,697.775,4
42,Soria,1998,755.675,4
42,Soria,1999,753.625,4
42,Soria,2000,820.35,4
42,Soria,2001,887.375,4
42,Soria,2002,958.2,4
42,Soria,2003,1011.375,4
42,Soria,2004,1104,4
42,Soria,2005,1203.475,4
42,Soria,2006,1335,4
42,Soria,2007,1357.9,4
42,Soria,2008,1360.275,4
42,Soria,2009,1330.25,4
42,Soria,2010,1357.5,4
42,Soria,2011,1347.225,4
42,Soria,2012,1358.7,1
42,Soria,2013,1122.275,4
42,Soria,2014,1079.625,4
42,Soria,2015,1073.525,4
42,Soria,2016,1057.375,4
42,Soria,2017,1027.825,4
42,Soria,2018,1019.4749999999999,4
42,Soria,2019,972.75,4
42,Soria,2020,929.1,4
42,Soria,2021,897.275,4
42,Soria,2022,915.6500000000001,4
42,Soria,2023,929.875,4
42,Soria,2024,962,4
42,Soria,2025,1039.3,4
43,Tarragona,1995,497.5,4
43,Tarragona,1996,506.725,4
43,Tarragona,1997,507.15000000000003,4
43,Tarragona,1998,539.475,4
43,Tarragona,1999,607.3,4
43,Tarragona,2000,688.25,4
43,Tarragona,2001,783.425,4
43,Tarragona,2002,928.3,4
43,Tarragona,2003,1124.05,4
43,Tarragona,2004,1423.875,4
43,Tarragona,2005,1602.325,4
43,Tarragona,2006,1740.475,4
43,Tarragona,2007,1877.425,4
43,Tarragona,2008,1941.4,4
43,Tarragona,2009,1793.025,4
43,Tarragona,2010,1743.325,4
43,Tarragona,2011,1641.35,4
43,Tarragona,2012,1448.65,4
43,Tarragona,2013,1284.05,4
43,Tarragona,2014,1233.8,4
43,Tarragona,2015,1228.325,4
43,Tarragona,2016,1232.25,4
43,Tarragona,2017,1246.65,4
43,Tarragona,2018,1261.6,4
43,Tarragona,2019,1281.75,4
43,Tarragona,2020,1252.625,4
43,Tarragona,2021,1310.55,4
43,Tarragona,2022,1372.425,4
43,Tarragona,2023,1400.875,4
43,Tarragona,2024,1490.175,4
43,Tarragona,2025,1641.95,4
44,Teruel,1995,448.225,4
44,Teruel,1996,450.625,4
44,Teruel,1997,477.05,4
44,Teruel,1998,480.75,4
44,Teruel,1999,515.475,4
44,Teruel,2000,588.35,4
44,Teruel,2001,633.275,4
44,Teruel,2002,691.575,4
44,Teruel,2003,753.55,4
44,Teruel,2004,797.4,4
44,Teruel,2005,864.05,4
44,Teruel,2006,958.775,4
44,Teruel,2007,1003.225,4
44,Teruel,2008,1057.5,4
44,Teruel,2009,1015.85,4
44,Teruel,2010,993.425,4
44,Teruel,2011,986.75,2
44,Teruel,2012,961,2
44,Teruel,2013,837,4
44,Teruel,2014,802.725,4
44,Teruel,2015,799.925,4
44,Teruel,2016,797.775,4
44,Teruel,2017,794.15,4
44,Teruel,2018,800.8249999999999,4
44,Teruel,2019,776.15,4
44,Teruel,2020,757.55,4
44,Teruel,2021,760.15,4
44,Teruel,2022,774.325,4
44,Teruel,2023,790.575,4
44,Teruel,2024,864.45,4
44,Teruel,2025,931.375,4
45,Toledo,1995,469.70000000000005,4
45,Toledo,1996,463.125,4
45,Toledo,1997,471.57500000000005,4
45,Toledo,1998,481.85,4
45,Toledo,1999,498.075,4
45,Toledo,2000,550.8,4
45,Toledo,2001,615.025,4
45,Toledo,2002,722.325,4
45,Toledo,2003,876.075,4
45,Toledo,2004,1093.125,4
45,Toledo,2005,1282.125,4
45,Toledo,2006,1396.525,4
45,Toledo,2007,1460.1999999999998,4
45,Toledo,2008,1441.5,4
45,Toledo,2009,1248.5,4
45,Toledo,2010,1212.875,4
45,Toledo,2011,1145.25,4
45,Toledo,2012,1042.375,4
45,Toledo,2013,895.9250000000001,4
45,Toledo,2014,817.775,4
45,Toledo,2015,808.45,4
45,Toledo,2016,806.1,4
45,Toledo,2017,799.625,4
45,Toledo,2018,811.5,4
45,Toledo,2019,836.5500000000001,4
45,Toledo,2020,834.5250000000001,4
45,Toledo,2021,857.15,4
45,Toledo,2022,890.4000000000001,4
45,Toledo,2023,931.625,4
45,Toledo,2024,974.375,4
45,Toledo,2025,1091.55,4
46,València/Valencia,1995,466.925,4
46,València/Valencia,1996,489.45,4
46,València/Valencia,1997,508,4
46,València/Valencia,1998,539.2,4
46,València/Valencia,1999,602.55,4
46,València/Valencia,2000,671.175,4
46,València/Valencia,2001,751.475,4
46,València/Valencia,2002,846.65,4
46,València/Valencia,2003,962.85,4
46,València/Valencia,2004,1097.85,4
46,València/Valencia,2005,1298.25,4
46,València/Valencia,2006,1461.575,4
46,València/Valencia,2007,1556.75,4
46,València/Valencia,2008,1624.55,4
46,València/Valencia,2009,1522.65,4
46,València/Valencia,2010,1419.925,4
46,València/Valencia,2011,1321.425,4
46,València/Valencia,2012,1165.5249999999999,4
46,València/Valencia,2013,1092.325,4
46,València/Valencia,2014,1065.65,4
46,València/Valencia,2015,1071.3000000000002,4
46,València/Valencia,2016,1099.5,4
46,València/Valencia,2017,1089.6,4
46,València/Valencia,2018,1127.4499999999998,4
46,València/Valencia,2019,1182.175,4
46,València/Valencia,2020,1176.9,4
46,València/Valencia,2021,1228.65,4
46,València/Valencia,2022,1299.3,4
46,València/Valencia,2023,1379.75,4
46,València/Valencia,2024,1504.35,4
46,València/Valencia,2025,1724.675,4
47,Valladolid,1995,670.8,4
47,Valladolid,1996,678.675,4
47,Valladolid,1997,670.15,4
47,Valladolid,1998,695.45,4
47,Valladolid,1999,763.275,4
47,Valladolid,2000,840.3,4
47,Valladolid,2001,937.925,4
47,Valladolid,2002,1012.55,4
47,Valladolid,2003,1086.1750000000002,4
47,Valladolid,2004,1275.85,4
47,Valladolid,2005,1461.45,4
47,Valladolid,2006,1582.3,4
47,Valladolid,2007,1660.65,4
47,Valladolid,2008,1652.325,4
47,Valladolid,2009,1543.625,4
47,Valladolid,2010,1513.4,4
47,Valladolid,2011,1387.65,4
47,Valladolid,2012,1311.55,4
47,Valladolid,2013,1212.975,4
47,Valladolid,2014,1162.575,4
47,Valladolid,2015,1150.45,4
47,Valladolid,2016,1159.0749999999998,4
47,Valladolid,2017,1171.75,4
47,Valladolid,2018,1201.6,4
47,Valladolid,2019,1239.3,4
47,Valladolid,2020,1225.4499999999998,4
47,Valladolid,2021,1253.025,4
47,Valladolid,2022,1276.8249999999998,4
47,Valladolid,2023,1286.925,4
47,Valladolid,2024,1337.0249999999999,4
47,Valladolid,2025,1457.8,4
48,Bizkaia,1995,900.4,4
48,Bizkaia,1996,934.65,4
48,Bizkaia,1997,933.4,4
48,Bizkaia,1998,999.425,4
48,Bizkaia,1999,1152.85,4
48,Bizkaia,2000,1386.975,4
48,Bizkaia,2001,1622.95,4
48,Bizkaia,2002,1832,4
48,Bizkaia,2003,2093.625,4
48,Bizkaia,2004,2262.325,4
48,Bizkaia,2005,2515.375,4
48,Bizkaia,2006,2797.775,4
48,Bizkaia,2007,3003.675,4
48,Bizkaia,2008,3045.6,4
48,Bizkaia,2009,2788.075,4
48,Bizkaia,2010,2680.525,4
48,Bizkaia,2011,2579.675,4
48,Bizkaia,2012,2488.3,4
48,Bizkaia,2013,2506.95,4
48,Bizkaia,2014,2393.125,4
48,Bizkaia,2015,2362.15,4
48,Bizkaia,2016,2337.925,4
48,Bizkaia,2017,2342.525,4
48,Bizkaia,2018,2315.5750000000003,4
48,Bizkaia,2019,2358.875,4
48,Bizkaia,2020,2325.125,4
48,Bizkaia,2021,2371.35,4
48,Bizkaia,2022,2457.35,4
48,Bizkaia,2023,2474.725,4
48,Bizkaia,2024,2526.575,4
48,Bizkaia,2025,2764.175,4
49,Zamora,1995,504.25,4
49,Zamora,1996,506.35,4
49,Zamora,1997,511.525,4
49,Zamora,1998,524.025,4
49,Zamora,1999,561.475,4
49,Zamora,2000,597.775,4
49,Zamora,2001,651.75,4
49,Zamora,2002,701.725,4
49,Zamora,2003,756.0999999999999,4
49,Zamora,2004,871.8,4
49,Zamora,2005,997.25,4
49,Zamora,2006,1122.05,4
49,Zamora,2007,1198.75,4
49,Zamora,2008,1214.85,4
49,Zamora,2009,1071.425,4
49,Zamora,2010,1100.3000000000002,4
49,Zamora,2011,1060.1,4
49,Zamora,2012,986.6,4
49,Zamora,2013,902.625,4
49,Zamora,2014,881.175,4
49,Zamora,2015,856.775,4
49,Zamora,2016,899.025,4
49,Zamora,2017,871.175,4
49,Zamora,2018,853.6,4
49,Zamora,2019,839.4,4
49,Zamora,2020,838.025,4
49,Zamora,2021,811,4
49,Zamora,2022,792.5,4
49,Zamora,2023,812.25,4
49,Zamora,2024,826.425,4
49,Zamora,2025,883.95,4
50,Zaragoza,1995,627.425,4
50,Zaragoza,1996,625.825,4
50,Zaragoza,1997,607.15,4
50,Zaragoza,1998,654.6,4
50,Zaragoza,1999,765.725,4
50,Zaragoza,2000,902.8,4
50,Zaragoza,2001,1023.675,4
50,Zaragoza,2002,1178.625,4
50,Zaragoza,2003,1305.55,4
50,Zaragoza,2004,1514,4
50,Zaragoza,2005,1732.55,4
50,Zaragoza,2006,1987.1000000000001,4
50,Zaragoza,2007,2084.9,4
50,Zaragoza,2008,2059.675,4
50,Zaragoza,2009,1880.9250000000002,4
50,Zaragoza,2010,1806.175,4
50,Zaragoza,2011,1641.525,4
50,Zaragoza,2012,1449.65,4
50,Zaragoza,2013,1283.45,4
50,Zaragoza,2014,1221.7,4
50,Zaragoza,2015,1258.025,4
50,Zaragoza,2016,1254.15,4
50,Zaragoza,2017,1235.1499999999999,4
50,Zaragoza,2018,1265.6999999999998,4
50,Zaragoza,2019,1314.25,4
50,Zaragoza,2020,1289.05,4
50,Zaragoza,2021,1297.575,4
50,Zaragoza,2022,1383.325,4
50,Zaragoza,2023,1425.275,4
50,Zaragoza,2024,1529.8,4
50,Zaragoza,2025,1728.7,4
51,Ceuta,2004,1311.725,4
51,Ceuta,2005,1464.45,4
51,Ceuta,2006,1639.075,4
51,Ceuta,2007,1798.5500000000002,4
51,Ceuta,2008,1887.7,4
51,Ceuta,2009,1846.05,4
51,Ceuta,2010,1818.375,4
51,Ceuta,2011,1819.175,4
51,Ceuta,2012,1777.85,4
51,Ceuta,2013,1735.2,4
51,Ceuta,2014,1778.225,4
51,Ceuta,2015,1720.625,4
51,Ceuta,2016,1721.475,4
51,Ceuta,2017,1773.15,4
51,Ceuta,2018,1729.375,4
51,Ceuta,2019,1744.65,4
51,Ceuta,2020,1770.8,4
51,Ceuta,2021,1782.375,4
51,Ceuta,2022,1841.75,4
51,Ceuta,2023,1843.35,4
51,Ceuta,2024,1945,4
51,Ceuta,2025,2085.55,4
52,Melilla,2004,1071.15,4
52,Melilla,2005,1193.175,4
52,Melilla,2006,1358.35,4
52,Melilla,2007,1477.325,4
52,Melilla,2008,1589.175,4
52,Melilla,2009,1600.475,4
52,Melilla,2010,1620.1,4
52,Melilla,2011,1623.55,4
52,Melilla,2012,1623.1,4
52,Melilla,2013,1525.5,3
52,Melilla,2014,1461.15,4
52,Melilla,2015,1467.6,4
52,Melilla,2016,1488.925,4
52,Melilla,2017,1551.975,4
52,Melilla,2018,1607.125,4
52,Melilla,2019,1652.65,4
52,Melilla,2020,1653.425,4
52,Melilla,2021,1676.425,4
52,Melilla,2022,1772.5,4
52,Melilla,2023,1836.5249999999999,4
52,Melilla,2024,1903.275,4
52,Melilla,2025,1993.675,4
